Team ID,Unnamed: 0_level_0,Unnamed: 1_level_0,Unnamed: 2_level_0,Unnamed: 3_level_0,Unnamed: 4_level_0,Unnamed: 5_level_0,Unnamed: 6_level_0,Unnamed: 7_level_0,Unnamed: 8_level_0,Team,Team,Team,Team,Team,Unnamed: 14_level_0,Opponent,Opponent,Opponent,Opponent,Opponent,Unnamed: 20_level_0,Advanced (at Even Strength),Advanced (at Even Strength),Advanced (at Even Strength),Advanced (at Even Strength),Advanced (at Even Strength),Advanced (at Even Strength),Advanced (at Even Strength),Advanced (at Even Strength),Advanced (at Even Strength),Advanced (at Even Strength),Advanced (at Even Strength)
,GP,Date,Unnamed: 2_level_1,Opponent,GF,GA,Unnamed: 6_level_1,Unnamed: 7_level_1,Unnamed: 8_level_1,S,PIM,PPG,PPO,SHG,Unnamed: 14_level_1,S,PIM,PPG,PPO,SHG,Unnamed: 20_level_1,CF,CA,CF%,FF,FA,FF%,FOW,FOL,FO%,oZS%,PDO
STL,1,2024-10-08,@,Seattle Kraken,3,2,W,,,25,11,1,2,0,,32,13,0,1,0,,54,64,45.8,38,46,45.2,35,29,54.7,50.0,102.0
STL,2,2024-10-10,@,San Jose Sharks,5,4,W,OT,,40,4,0,2,0,,29,4,1,2,1,,70,41,63.1,48,26,64.9,32,23,58.2,46.9,104.4
STL,3,2024-10-11,@,Vegas Golden Knights,3,4,L,,,22,4,1,2,0,,28,4,0,2,0,,46,40,53.5,30,32,48.4,26,23,53.1,67.9,93.5
STL,4,2024-10-15,,Minnesota Wild,1,4,L,,,28,10,0,2,0,,27,4,2,5,1,,60,48,55.6,38,35,52.1,19,15,55.9,52.4,100.5
STL,5,2024-10-17,,New York Islanders,1,0,W,OT,,30,6,0,1,0,,34,4,0,2,0,,53,49,52.0,33,37,47.1,17,21,44.7,46.1,103.6
STL,6,2024-10-19,,Carolina Hurricanes,4,3,W,,,19,10,0,4,0,,40,14,1,3,0,,28,58,32.6,23,47,32.9,28,27,50.9,26.1,117.8
STL,7,2024-10-22,,Winnipeg Jets,2,3,L,,,29,4,0,2,0,,24,4,1,2,0,,55,52,51.4,37,33,52.9,19,23,45.2,48.4,97.7
STL,8,2024-10-24,@,Toronto Maple Leafs,5,1,W,,,27,10,1,2,0,,41,6,0,4,0,,37,67,35.6,30,46,39.5,17,32,34.7,36.4,112.7
STL,9,2024-10-26,@,Montreal Canadiens,2,5,L,,,31,6,0,3,0,,26,6,1,3,0,,54,50,51.9,36,36,50.0,21,18,53.8,52.0,92.3
STL,10,2024-10-29,@,Ottawa Senators,1,8,L,,,27,10,1,4,0,,35,12,2,3,0,,42,52,44.7,29,42,40.8,18,29,38.3,49.7,80.6
STL,11,2024-10-31,@,Philadelphia Flyers,1,2,L,,,21,6,0,2,0,,21,4,0,3,0,,60,39,60.6,33,26,55.9,14,20,41.2,59.3,94.1
STL,12,2024-11-02,,Toronto Maple Leafs,4,2,W,,,24,20,0,4,0,,37,20,0,4,0,,38,56,40.4,26,43,37.7,13,24,35.1,52.4,113.0
STL,13,2024-11-05,,Tampa Bay Lightning,3,2,W,,,23,6,0,1,0,,23,2,0,3,0,,42,50,45.7,32,33,49.2,19,18,51.4,44.4,101.9
STL,14,2024-11-07,,Utah Hockey Club,2,4,L,,,15,21,0,3,0,,31,24,0,2,0,,32,55,36.8,16,41,28.1,23,31,42.6,47.4,102.9
STL,15,2024-11-09,,Washington Capitals,1,8,L,,,25,6,0,3,0,,27,8,2,2,0,,42,40,51.2,25,34,42.4,23,20,53.5,56.6,75.9
STL,16,2024-11-12,,Boston Bruins,2,3,L,,,22,8,2,3,0,,30,6,0,4,0,,31,44,41.3,22,36,37.9,16,22,42.1,40.9,86.4
STL,17,2024-11-14,@,Buffalo Sabres,3,4,L,OT,,27,6,0,1,0,,33,2,1,3,0,,48,55,46.6,36,39,48.0,34,21,61.8,55.3,102.3
STL,18,2024-11-16,@,Boston Bruins,3,2,W,OT,,31,4,0,2,0,,18,6,0,1,0,,59,38,60.8,48,28,63.2,23,30,43.4,59.8,97.5
STL,19,2024-11-17,@,Carolina Hurricanes,1,4,L,,,30,6,0,1,0,,24,2,1,3,0,,44,60,42.3,37,45,45.1,20,36,35.7,51.2,87.5
STL,20,2024-11-19,,Minnesota Wild,2,4,L,,,24,6,1,2,0,,28,6,0,2,0,,55,51,51.9,36,36,50.0,28,24,53.8,42.6,89.4
STL,21,2024-11-21,,San Jose Sharks,3,2,W,SO,,31,4,0,1,0,,24,2,1,2,0,,55,51,51.9,38,33,53.5,26,28,48.1,53.8,101.7
COL,1,2024-10-09,@,Vegas Golden Knights,4,8,L,,,32,6,1,3,0,,21,6,2,3,0,,56,33,62.9,40,24,62.5,17,28,37.8,63.8,76.3
COL,2,2024-10-12,,Columbus Blue Jackets,4,6,L,,,30,18,2,4,0,,23,10,1,3,0,,63,40,61.2,42,28,60.0,30,25,54.5,48.8,82.7
COL,3,2024-10-14,,New York Islanders,2,6,L,,,34,4,0,2,0,,37,6,0,1,1,,67,55,54.9,46,41,52.9,29,36,44.6,55.5,91.5
COL,4,2024-10-16,,Boston Bruins,3,5,L,,,25,13,3,3,0,,26,11,2,4,0,,50,42,54.3,36,29,55.4,19,34,35.8,55.6,85.0
COL,5,2024-10-18,,Anaheim Ducks,4,3,W,OT,,49,6,1,5,0,,19,10,0,3,0,,83,44,65.4,56,31,64.4,30,15,66.7,72.8,91.0
COL,6,2024-10-20,@,San Jose Sharks,4,1,W,,,22,17,1,4,0,,26,15,1,5,0,,37,46,44.6,26,29,47.3,26,23,53.1,31.3,118.8
COL,7,2024-10-22,@,Seattle Kraken,3,2,W,,,28,2,1,3,0,,27,6,1,1,0,,51,60,45.9,36,38,48.6,17,31,35.4,47.1,103.3
COL,8,2024-10-24,@,Utah Hockey Club,5,1,W,,,26,6,2,4,0,,26,8,0,3,0,,33,49,40.2,25,32,43.9,15,29,34.1,32.0,110.2
COL,9,2024-10-27,,Ottawa Senators,5,4,W,,,32,2,0,1,0,,30,2,0,1,0,,72,53,57.6,47,45,51.1,23,27,46.0,51.7,102.9
COL,10,2024-10-28,,Chicago Blackhawks,2,5,L,,,26,6,1,4,0,,26,8,1,3,0,,43,40,51.8,24,28,46.2,24,19,55.8,53.3,88.1
COL,11,2024-10-30,,Tampa Bay Lightning,2,5,L,,,35,26,1,4,0,,21,17,0,3,0,,54,35,60.7,36,28,56.3,16,21,43.2,83.0,75.9
COL,12,2024-11-02,@,Nashville Predators,2,5,L,,,31,6,1,4,0,,26,8,2,2,0,,57,51,52.8,34,37,47.9,26,29,47.3,46.8,91.2
COL,13,2024-11-05,,Seattle Kraken,6,3,W,,,32,6,3,5,0,,20,20,1,3,0,,44,47,48.4,27,27,50.0,14,18,43.8,44.2,103.3
COL,14,2024-11-07,@,Winnipeg Jets,0,1,L,,,35,4,0,1,0,,28,2,0,2,0,,68,41,62.4,51,30,63.0,22,28,44.0,48.6,95.8
COL,15,2024-11-09,,Carolina Hurricanes,6,4,W,,,29,8,1,5,1,,31,10,1,4,0,,43,47,47.8,32,39,45.1,21,34,38.2,49.2,106.0
COL,16,2024-11-11,,Nashville Predators,3,2,W,OT,,32,4,0,2,0,,30,4,0,2,0,,57,58,49.6,37,38,49.3,20,28,41.7,50.0,103.7
COL,17,2024-11-13,,Los Angeles Kings,4,2,W,,,26,2,0,3,0,,15,6,0,1,0,,57,34,62.6,38,21,64.4,17,37,31.5,64.2,100.6
COL,18,2024-11-15,,Washington Capitals,2,5,L,,,19,4,0,1,0,,20,2,1,2,0,,60,42,58.8,38,28,57.6,27,29,48.2,65.8,88.9
COL,19,2024-11-18,@,Philadelphia Flyers,3,2,W,,,29,10,1,4,0,,26,12,0,3,0,,63,45,58.3,37,33,52.9,21,31,40.4,57.5,99.0
COL,20,2024-11-21,@,Washington Capitals,2,1,W,,,27,4,1,3,0,,29,6,0,2,0,,51,51,50.0,35,32,52.2,16,31,34.0,41.7,99.2
EDM,1,2024-10-09,,Winnipeg Jets,0,6,L,,,30,6,0,1,0,,20,2,2,3,0,,69,36,65.7,42,28,60.0,22,19,53.7,69.7,77.8
EDM,2,2024-10-12,,Chicago Blackhawks,2,5,L,,,38,6,1,3,0,,20,6,3,3,0,,87,32,73.1,51,22,69.9,35,21,62.5,75.7,91.1
EDM,3,2024-10-13,,Calgary Flames,1,4,L,,,26,6,0,1,0,,29,2,0,3,0,,56,55,50.5,40,40,50.0,25,19,56.8,63.0,87.8
EDM,4,2024-10-15,,Philadelphia Flyers,4,3,W,OT,,31,24,0,4,0,,30,18,2,7,0,,54,33,62.1,37,28,56.9,25,22,53.2,71.4,110.4
EDM,5,2024-10-17,@,Nashville Predators,4,2,W,,,36,11,0,4,0,,27,13,1,3,0,,57,44,56.4,44,30,59.5,24,29,45.3,50.0,107.9
EDM,6,2024-10-19,@,Dallas Stars,1,4,L,,,31,2,0,2,0,,24,4,1,1,0,,63,49,56.3,44,37,54.3,33,21,61.1,59.5,90.7
EDM,7,2024-10-22,,Carolina Hurricanes,2,3,L,OT,,35,6,1,4,0,,33,10,1,2,0,,46,58,44.2,35,44,44.3,23,18,56.1,36.3,96.2
EDM,8,2024-10-25,,Pittsburgh Penguins,4,0,W,,,50,9,1,2,0,,27,9,0,2,0,,84,47,64.1,65,32,67.0,24,16,60.0,72.4,106.4
EDM,9,2024-10-27,@,Detroit Red Wings,3,2,W,OT,,34,7,0,2,0,,26,9,0,1,0,,64,49,56.6,44,35,55.7,20,31,39.2,72.2,100.8
EDM,10,2024-10-28,@,Columbus Blue Jackets,1,6,L,,,32,8,1,6,0,,25,12,1,4,0,,43,39,52.4,32,32,50.0,22,16,57.9,45.8,75.0
EDM,11,2024-10-31,@,Nashville Predators,5,1,W,,,29,16,0,1,0,,27,12,1,3,0,,51,49,51.0,39,31,55.7,23,21,52.3,39.9,117.9
EDM,12,2024-11-03,@,Calgary Flames,4,2,W,,,31,6,1,3,0,,31,8,1,2,0,,49,58,45.8,35,38,47.9,24,31,43.6,52.5,106.5
EDM,13,2024-11-04,,New Jersey Devils,0,3,L,,,31,4,0,1,0,,16,4,1,1,0,,57,28,67.1,42,19,68.9,22,23,48.9,68.4,85.7
EDM,14,2024-11-06,,Vegas Golden Knights,2,4,L,,,29,4,0,1,0,,35,2,1,2,0,,54,44,55.1,40,37,51.9,29,24,54.7,58.6,96.6
EDM,15,2024-11-09,@,Vancouver Canucks,7,3,W,,,31,4,1,3,0,,20,6,1,2,0,,47,36,56.6,37,28,56.9,24,30,44.4,48.6,113.9
EDM,16,2024-11-12,,New York Islanders,4,3,W,OT,,42,4,1,2,0,,22,4,0,2,0,,75,42,64.1,55,29,65.5,27,24,52.9,55.1,92.9
EDM,17,2024-11-14,,Nashville Predators,3,2,W,OT,,34,4,0,4,0,,22,8,0,2,0,,48,39,55.2,41,28,59.4,23,25,47.9,46.6,100.9
EDM,18,2024-11-16,@,Toronto Maple Leafs,3,4,L,OT,,30,8,1,2,0,,22,17,0,4,0,,63,40,61.2,36,25,59.0,18,15,54.5,65.0,82.7
EDM,19,2024-11-18,@,Montreal Canadiens,0,3,L,,,30,6,0,3,0,,25,8,0,2,0,,45,54,45.5,32,40,44.4,15,13,53.6,59.4,87.0
EDM,20,2024-11-19,@,Ottawa Senators,5,2,W,,,31,11,1,3,0,,29,13,0,2,0,,45,52,46.4,35,37,48.6,26,23,53.1,37.5,107.7
EDM,21,2024-11-21,,Minnesota Wild,3,5,L,,,31,7,0,2,0,,26,9,0,1,0,,65,47,58.0,39,34,53.4,33,26,55.9,73.5,89.7
NSH,1,2024-10-10,,Dallas Stars,3,4,L,,,36,8,1,6,0,,20,12,1,4,0,,48,36,57.1,38,25,60.3,28,10,73.7,60.8,91.9
NSH,2,2024-10-12,@,Detroit Red Wings,0,3,L,,,42,4,0,3,0,,22,6,0,2,0,,73,36,67.0,45,26,63.4,31,24,56.4,66.7,82.4
NSH,3,2024-10-15,,Seattle Kraken,3,7,L,,,33,6,0,2,0,,35,6,0,2,0,,51,43,54.3,32,37,46.4,31,19,62.0,59.8,87.5
NSH,4,2024-10-17,,Edmonton Oilers,2,4,L,,,27,13,1,3,0,,36,11,0,4,0,,45,56,44.6,30,44,40.5,29,24,54.7,50.0,92.1
NSH,5,2024-10-19,,Detroit Red Wings,2,5,L,,,39,8,1,2,0,,24,6,1,3,0,,67,40,62.6,48,31,60.8,25,27,48.1,52.0,83.1
NSH,6,2024-10-22,,Boston Bruins,4,0,W,,,42,13,1,6,0,,33,17,0,4,0,,56,40,58.3,42,30,58.3,25,19,56.8,47.2,109.1
NSH,7,2024-10-25,@,Chicago Blackhawks,3,2,W,,,34,15,1,5,1,,29,15,0,5,0,,49,44,52.7,35,30,53.8,20,18,52.6,57.7,94.0
NSH,8,2024-10-26,,Columbus Blue Jackets,4,3,W,OT,,33,6,0,2,0,,28,6,0,2,0,,60,49,55.0,44,36,55.0,27,23,54.0,53.7,102.3
NSH,9,2024-10-28,@,Tampa Bay Lightning,2,3,L,OT,,37,6,1,4,0,,27,8,0,3,0,,40,53,43.0,32,35,47.8,27,25,51.9,59.2,90.4
NSH,10,2024-10-31,,Edmonton Oilers,1,5,L,,,27,12,1,3,0,,29,16,0,1,0,,50,49,50.5,31,39,44.3,21,23,47.7,60.1,82.1
NSH,11,2024-11-02,,Colorado Avalanche,5,2,W,,,26,8,2,2,0,,31,6,1,4,0,,52,56,48.1,37,34,52.1,29,26,52.7,53.8,108.8
NSH,12,2024-11-04,,Los Angeles Kings,0,3,L,,,16,20,0,3,0,,27,18,0,4,0,,37,44,45.7,25,33,43.1,23,24,48.9,48.9,85.7
NSH,13,2024-11-06,@,Washington Capitals,2,3,L,,,35,12,0,2,0,,36,4,0,6,0,,71,59,54.6,52,42,55.3,25,26,49.0,59.7,97.2
NSH,14,2024-11-07,@,Florida Panthers,2,6,L,,,18,22,1,5,0,,34,18,2,7,0,,27,43,38.6,18,37,32.7,25,19,56.8,23.9,94.6
NSH,15,2024-11-09,,Utah Hockey Club,4,0,W,,,21,9,2,4,0,,27,13,0,2,0,,29,50,36.7,23,41,35.9,22,16,57.9,28.0,113.3
NSH,16,2024-11-11,@,Colorado Avalanche,2,3,L,OT,,30,4,0,2,0,,32,4,0,2,0,,59,57,50.9,38,37,50.7,28,20,58.3,50.0,96.3
NSH,17,2024-11-14,@,Edmonton Oilers,2,3,L,OT,,22,8,0,2,0,,34,4,0,4,0,,39,48,44.8,28,41,40.6,25,23,52.1,53.4,99.1
NSH,18,2024-11-15,@,Calgary Flames,0,2,L,,,29,15,0,2,0,,33,11,0,4,0,,60,52,53.6,41,40,50.6,39,32,54.9,46.9,91.3
NSH,19,2024-11-17,@,Vancouver Canucks,5,3,W,,,22,4,2,2,0,,27,4,1,2,0,,50,56,47.2,35,38,47.9,21,24,46.7,37.9,108.1
NSH,20,2024-11-20,@,Seattle Kraken,0,3,L,,,24,8,0,3,0,,37,6,0,4,0,,66,44,60.0,42,34,55.3,26,16,61.9,69.2,88.5
DET,1,2024-10-10,,Pittsburgh Penguins,3,6,L,,,32,4,1,5,0,,28,10,1,2,0,,42,47,47.2,30,37,44.8,28,29,49.1,52.8,88.7
DET,2,2024-10-12,,Nashville Predators,3,0,W,,,22,6,0,2,0,,42,4,0,3,0,,37,70,34.6,26,45,36.6,24,31,43.6,33.3,117.6
DET,3,2024-10-14,@,New York Rangers,1,4,L,,,32,10,0,4,0,,28,8,1,5,0,,43,41,51.2,34,29,54.0,19,29,39.6,59.5,89.3
DET,4,2024-10-17,,New York Rangers,2,5,L,,,31,12,1,5,0,,34,14,3,4,0,,46,53,46.5,35,39,47.3,24,32,42.9,54.1,96.9
DET,5,2024-10-19,@,Nashville Predators,5,2,W,,,24,6,1,3,0,,39,8,1,2,0,,40,64,38.5,31,48,39.2,27,25,51.9,48.0,116.9
DET,6,2024-10-22,@,New York Islanders,1,0,W,,,11,6,0,1,0,,30,2,0,3,0,,26,51,33.8,17,38,30.9,28,25,52.8,32.4,110.0
DET,7,2024-10-24,,New Jersey Devils,5,3,W,,,20,22,2,4,0,,40,20,3,5,0,,38,58,39.6,25,47,34.7,20,21,48.8,48.0,120.0
DET,8,2024-10-26,@,Buffalo Sabres,3,5,L,,,25,8,0,2,1,,39,4,1,4,0,,43,57,43.0,30,43,41.1,42,19,68.9,51.1,97.4
DET,9,2024-10-27,,Edmonton Oilers,2,3,L,OT,,26,9,0,1,0,,34,7,0,2,0,,49,61,44.5,35,44,44.3,31,20,60.8,27.8,99.2
DET,10,2024-10-30,,Winnipeg Jets,2,6,L,,,21,4,2,3,0,,29,6,1,2,0,,45,45,50.0,30,39,43.5,17,28,37.8,50.0,80.8
DET,11,2024-11-02,,Buffalo Sabres,2,1,W,,,23,4,2,4,0,,32,8,0,2,1,,49,61,44.5,34,45,43.0,27,19,58.7,52.5,100.0
DET,12,2024-11-06,@,Chicago Blackhawks,4,1,W,,,25,4,0,2,0,,29,4,0,2,0,,47,48,49.5,34,34,50.0,22,24,47.8,35.7,116.0
DET,13,2024-11-08,@,Toronto Maple Leafs,1,3,L,,,22,4,1,3,0,,20,6,2,2,0,,46,45,50.5,28,28,50.0,21,21,50.0,51.7,93.8
DET,14,2024-11-09,,New York Rangers,0,4,L,,,37,4,0,2,0,,24,4,1,2,0,,75,48,61.0,54,35,60.7,27,23,54.0,65.8,87.0
DET,15,2024-11-13,@,Pittsburgh Penguins,3,2,W,OT,,31,4,1,2,0,,33,4,0,2,0,,53,68,43.8,36,46,43.9,25,22,53.2,37.5,100.5
DET,16,2024-11-15,@,Anaheim Ducks,4,6,L,,,25,8,3,4,0,,29,8,2,4,0,,48,35,57.8,36,26,58.1,22,21,51.2,62.5,81.5
DET,17,2024-11-16,@,Los Angeles Kings,1,4,L,,,18,2,0,0,0,,41,0,0,1,0,,57,70,44.9,25,60,29.4,30,37,44.8,44.7,95.0
DET,18,2024-11-18,@,San Jose Sharks,4,5,L,OT,,20,8,2,3,0,,34,6,1,4,0,,36,52,40.9,24,44,35.3,24,28,46.2,47.0,99.5
DET,19,2024-11-21,,New York Islanders,2,1,W,,,31,2,0,3,0,,23,6,0,1,0,,55,44,55.6,39,32,54.9,17,24,41.5,53.1,103.2
WSH,1,2024-10-12,,New Jersey Devils,3,5,L,,,32,10,1,3,0,,33,8,0,4,0,,50,47,51.5,37,32,53.6,18,27,40.0,57.8,88.6
WSH,2,2024-10-15,,Vegas Golden Knights,4,2,W,,,22,8,1,3,0,,26,6,1,4,0,,43,44,49.4,29,33,46.8,21,20,51.2,33.3,115.5
WSH,3,2024-10-17,,Dallas Stars,3,2,W,,,26,8,0,5,0,,24,10,0,4,1,,35,49,41.7,26,28,48.1,16,29,35.6,39.4,110.2
WSH,4,2024-10-19,@,New Jersey Devils,6,5,W,OT,,37,9,0,2,0,,31,9,1,2,0,,59,50,54.1,44,39,53.0,23,32,41.8,48.2,103.4
WSH,5,2024-10-22,@,Philadelphia Flyers,4,1,W,,,29,13,0,5,2,,18,17,0,3,0,,41,35,53.9,31,22,58.5,19,15,55.9,43.5,103.3
WSH,6,2024-10-23,,Philadelphia Flyers,6,3,W,,,25,10,0,3,0,,29,8,2,4,0,,43,48,47.3,35,30,53.8,22,34,39.3,48.3,125.8
WSH,7,2024-10-26,@,Tampa Bay Lightning,0,3,L,,,32,13,0,2,0,,21,11,0,3,0,,62,46,57.4,44,31,58.7,29,23,55.8,63.4,83.3
WSH,8,2024-10-29,,New York Rangers,5,3,W,,,46,11,0,4,0,,19,13,1,3,0,,67,41,62.0,57,32,64.0,30,14,68.2,43.1,100.3
WSH,9,2024-10-31,,Montreal Canadiens,6,3,W,,,34,17,1,5,0,,15,15,1,6,0,,63,29,68.5,44,15,74.6,18,21,46.2,64.0,100.8
WSH,10,2024-11-02,,Columbus Blue Jackets,7,2,W,,,22,6,0,1,0,,36,2,0,3,0,,46,73,38.7,33,45,42.3,23,31,42.6,25.8,124.7
WSH,11,2024-11-03,@,Carolina Hurricanes,2,4,L,,,21,6,1,4,0,,45,8,0,3,0,,35,67,34.3,23,51,31.1,23,25,47.9,24.2,95.4
WSH,12,2024-11-06,,Nashville Predators,3,2,W,,,36,4,0,6,0,,35,12,0,2,0,,60,71,45.8,42,52,44.7,26,25,51.0,40.3,102.8
WSH,13,2024-11-08,,Pittsburgh Penguins,2,4,L,,,34,4,0,3,0,,32,6,0,2,0,,53,57,48.2,40,43,48.2,25,25,50.0,52.6,94.1
WSH,14,2024-11-09,@,St. Louis Blues,8,1,W,,,27,8,2,2,0,,25,6,0,3,0,,40,39,50.6,34,25,57.6,20,23,46.5,43.4,124.1
WSH,15,2024-11-13,,Toronto Maple Leafs,3,4,L,OT,,27,4,0,1,0,,34,2,1,2,0,,57,58,49.6,42,43,49.4,26,24,52.0,47.4,103.4
WSH,16,2024-11-15,@,Colorado Avalanche,5,2,W,,,20,2,1,2,0,,19,4,0,1,0,,42,55,43.3,28,38,42.4,29,27,51.8,34.2,111.1
WSH,17,2024-11-17,@,Vegas Golden Knights,5,2,W,,,25,2,1,1,0,,42,2,0,1,0,,60,75,44.4,44,57,43.6,33,33,50.0,26.1,111.5
WSH,18,2024-11-18,@,Utah Hockey Club,6,2,W,,,24,21,1,3,0,,26,13,0,7,0,,25,42,37.3,20,28,41.7,21,21,50.0,35.1,120.1
WSH,19,2024-11-21,,Colorado Avalanche,1,2,L,,,29,6,0,2,0,,27,4,1,3,0,,51,51,50.0,32,35,47.8,31,16,66.0,58.3,100.8
TBL,1,2024-10-11,@,Carolina Hurricanes,4,1,W,,,23,8,2,6,0,,21,12,0,4,0,,34,56,37.8,23,38,37.7,26,28,48.1,39.9,106.8
TBL,2,2024-10-15,,Vancouver Canucks,4,1,W,,,27,8,0,5,0,,27,14,1,3,0,,50,47,51.5,38,30,55.9,19,21,47.5,46.7,116.0
TBL,3,2024-10-17,,Vegas Golden Knights,4,3,W,,,25,6,0,2,0,,25,4,1,3,0,,58,32,64.4,39,27,59.1,17,22,43.6,50.0,109.0
TBL,4,2024-10-19,@,Ottawa Senators,4,5,L,,,29,14,0,3,0,,28,10,2,5,1,,44,40,52.4,29,23,55.8,28,23,54.9,41.0,106.7
TBL,5,2024-10-21,@,Toronto Maple Leafs,2,5,L,,,34,13,1,6,0,,29,17,1,4,0,,42,50,45.7,28,38,42.4,19,12,61.3,72.2,86.0
TBL,6,2024-10-22,@,New Jersey Devils,8,5,W,,,37,8,2,2,1,,35,6,2,3,0,,50,52,49.0,41,36,53.2,33,33,50.0,38.0,106.9
TBL,7,2024-10-24,,Minnesota Wild,2,4,L,,,26,8,0,1,1,,18,2,1,4,0,,52,36,59.1,31,23,57.4,17,24,41.5,52.3,84.3
TBL,8,2024-10-26,,Washington Capitals,3,0,W,,,21,11,0,3,0,,32,13,0,2,0,,49,61,44.5,31,44,41.3,23,29,44.2,36.6,116.7
TBL,9,2024-10-28,,Nashville Predators,3,2,W,OT,,27,8,0,3,0,,37,6,1,4,0,,54,40,57.4,35,32,52.2,25,27,48.1,40.8,109.6
TBL,10,2024-10-30,@,Colorado Avalanche,5,2,W,,,21,17,0,3,0,,35,26,1,4,0,,36,51,41.4,28,36,43.8,21,16,56.8,17.0,124.1
TBL,11,2024-11-01,@,Minnesota Wild,3,5,L,,,30,9,2,4,0,,22,13,0,2,0,,41,38,51.9,27,30,47.4,23,20,53.5,48.0,77.0
TBL,12,2024-11-03,@,Winnipeg Jets,4,7,L,,,30,31,1,2,0,,34,19,1,3,0,,48,43,52.7,35,39,47.3,33,32,50.8,50.0,91.8
TBL,13,2024-11-05,@,St. Louis Blues,2,3,L,,,23,2,0,3,0,,23,6,0,1,0,,51,42,54.8,33,32,50.8,18,19,48.6,55.6,98.1
TBL,14,2024-11-07,,Philadelphia Flyers,1,2,L,SO,,23,4,0,2,0,,31,4,0,2,0,,56,46,54.9,38,35,52.1,14,19,42.4,54.8,100.7
TBL,15,2024-11-14,,Winnipeg Jets,4,1,W,,,29,10,1,3,0,,24,6,0,5,0,,48,47,50.5,39,34,53.4,18,21,46.2,44.0,107.2
TBL,16,2024-11-16,,New Jersey Devils,4,0,W,,,26,8,1,3,0,,29,6,0,4,0,,39,43,47.6,31,26,54.4,26,23,53.1,32.4,115.0
TBL,17,2024-11-19,@,Pittsburgh Penguins,3,2,W,OT,,35,4,0,3,0,,19,6,1,2,0,,68,34,66.7,47,24,66.2,23,17,57.5,56.2,105.3
TBL,18,2024-11-21,@,Columbus Blue Jackets,6,7,L,OT,,30,2,2,2,0,,43,4,1,1,1,,55,83,39.9,34,53,39.1,32,25,56.1,45.2,103.5
CBJ,1,2024-10-10,@,Minnesota Wild,2,3,L,,,33,6,1,3,0,,26,6,1,3,0,,58,34,63.0,39,28,58.2,21,28,42.9,55.4,93.8
CBJ,2,2024-10-12,@,Colorado Avalanche,6,4,W,,,23,10,1,3,0,,30,18,2,4,0,,40,60,40.0,28,42,40.0,25,30,45.5,51.2,117.3
CBJ,3,2024-10-15,,Florida Panthers,3,4,L,,,38,6,0,2,1,,22,4,0,3,0,,63,34,64.9,52,24,68.4,29,22,56.9,55.6,83.3
CBJ,4,2024-10-17,,Buffalo Sabres,6,4,W,,,25,4,1,3,0,,24,6,0,2,0,,36,46,43.9,27,32,45.8,25,22,53.2,38.7,102.8
CBJ,5,2024-10-19,,Minnesota Wild,1,3,L,,,24,6,0,3,0,,34,6,1,3,0,,39,48,44.8,24,37,39.3,21,15,58.3,47.8,99.7
CBJ,6,2024-10-22,,Toronto Maple Leafs,6,2,W,,,38,10,0,4,0,,28,12,0,3,0,,59,47,55.7,45,33,57.7,30,27,52.6,50.2,111.2
CBJ,7,2024-10-26,@,Nashville Predators,3,4,L,OT,,28,6,0,2,0,,33,6,0,2,0,,50,58,46.3,36,44,45.0,23,27,46.0,46.3,97.7
CBJ,8,2024-10-28,,Edmonton Oilers,6,1,W,,,25,12,1,4,0,,32,8,1,6,0,,40,43,48.2,32,32,50.0,16,22,42.1,54.2,125.0
CBJ,9,2024-10-30,,New York Islanders,2,0,W,,,26,2,0,0,0,,26,0,0,1,0,,51,70,42.1,39,50,43.8,18,26,40.9,38.7,107.7
CBJ,10,2024-11-01,,Winnipeg Jets,2,6,L,,,22,4,1,2,0,,44,4,1,2,0,,40,66,37.7,28,54,34.1,25,23,52.1,48.4,93.1
CBJ,11,2024-11-02,@,Washington Capitals,2,7,L,,,36,2,0,3,0,,22,6,0,1,0,,75,43,63.6,45,33,57.7,31,23,57.4,74.2,75.3
CBJ,12,2024-11-05,@,San Jose Sharks,1,2,L,OT,,50,10,0,3,0,,27,8,0,4,0,,75,44,63.0,58,34,63.0,17,26,39.5,55.3,94.3
CBJ,13,2024-11-09,@,Los Angeles Kings,2,5,L,,,26,13,1,3,0,,23,11,1,4,1,,47,35,57.3,29,28,50.9,19,26,42.2,79.7,86.3
CBJ,14,2024-11-10,@,Anaheim Ducks,2,4,L,,,40,4,1,2,0,,30,4,0,2,0,,79,49,61.7,53,34,60.9,30,20,60.0,61.8,85.5
CBJ,15,2024-11-12,@,Seattle Kraken,2,5,L,,,40,6,0,1,0,,33,2,1,3,0,,70,54,56.5,54,41,56.8,26,24,52.0,48.7,91.6
CBJ,16,2024-11-15,,Pittsburgh Penguins,6,2,W,,,39,8,1,5,0,,23,10,1,4,0,,65,50,56.5,43,34,55.8,21,19,52.5,59.1,110.2
CBJ,17,2024-11-16,@,Montreal Canadiens,1,5,L,,,26,13,0,4,0,,30,13,1,4,0,,43,38,53.1,30,29,50.8,22,26,45.8,50.5,88.1
CBJ,18,2024-11-18,@,Boston Bruins,5,1,W,,,28,19,0,2,2,,29,11,1,6,0,,39,52,42.9,30,35,46.2,21,24,46.7,48.5,113.0
CBJ,19,2024-11-21,,Tampa Bay Lightning,7,6,W,OT,,43,4,1,1,1,,30,2,2,2,0,,87,54,61.7,53,34,60.9,25,32,43.9,54.8,96.5
NYR,1,2024-10-09,@,Pittsburgh Penguins,6,0,W,,,40,8,0,2,1,,31,6,0,3,0,,57,63,47.5,49,45,52.1,25,23,52.1,37.2,114.7
NYR,2,2024-10-12,,Utah Hockey Club,5,6,L,OT,,34,28,1,3,0,,26,26,1,4,0,,60,51,54.1,47,38,55.3,28,22,56.0,61.8,90.0
NYR,3,2024-10-14,,Detroit Red Wings,4,1,W,,,28,8,1,5,0,,32,10,0,4,0,,41,43,48.8,29,34,46.0,29,19,60.4,40.5,110.7
NYR,4,2024-10-17,@,Detroit Red Wings,5,2,W,,,34,14,3,4,0,,31,12,1,5,0,,56,45,55.4,39,35,52.7,32,24,57.1,45.9,103.1
NYR,5,2024-10-19,@,Toronto Maple Leafs,4,1,W,,,29,6,0,2,0,,35,4,0,3,0,,47,63,42.7,37,44,45.7,19,21,47.5,48.0,111.9
NYR,6,2024-10-22,@,Montreal Canadiens,7,2,W,,,45,15,1,3,0,,23,25,1,3,0,,67,45,59.8,53,32,62.4,18,21,46.2,52.6,112.1
NYR,7,2024-10-24,,Florida Panthers,1,3,L,,,25,4,0,4,0,,29,8,0,2,0,,42,50,45.7,31,38,44.9,21,17,55.3,57.1,92.8
NYR,8,2024-10-26,,Anaheim Ducks,2,1,W,,,32,4,0,1,0,,33,4,0,1,0,,66,53,55.5,46,40,53.5,25,25,50.0,38.6,103.7
NYR,9,2024-10-29,@,Washington Capitals,3,5,L,,,19,13,1,3,0,,46,11,0,4,0,,41,66,38.3,32,57,36.0,14,30,31.8,56.9,99.7
NYR,10,2024-11-01,,Ottawa Senators,2,1,W,,,18,10,1,2,0,,41,4,0,5,0,,26,67,28.0,19,51,27.1,24,19,55.8,38.9,104.8
NYR,11,2024-11-03,,New York Islanders,5,2,W,,,40,10,1,3,1,,37,6,0,5,0,,46,56,45.1,36,40,47.4,20,22,47.6,47.2,103.2
NYR,12,2024-11-07,,Buffalo Sabres,1,6,L,,,26,8,0,4,0,,22,8,1,4,0,,48,25,65.8,27,17,61.4,16,18,47.1,55.6,70.2
NYR,13,2024-11-09,@,Detroit Red Wings,4,0,W,,,24,4,1,2,0,,37,4,0,2,0,,48,74,39.3,35,54,39.3,23,27,46.0,34.2,113.0
NYR,14,2024-11-12,,Winnipeg Jets,3,6,L,,,36,4,1,4,0,,33,8,1,2,0,,56,49,53.3,44,38,53.7,28,15,65.1,40.0,90.0
NYR,15,2024-11-14,,San Jose Sharks,3,2,W,,,35,6,0,1,0,,27,4,1,3,0,,64,45,58.7,49,32,60.5,20,19,51.3,47.8,105.4
NYR,16,2024-11-17,@,Seattle Kraken,2,0,W,,,23,2,0,0,0,,24,0,0,1,0,,56,61,47.9,38,40,48.7,26,20,56.5,45.2,109.1
NYR,17,2024-11-19,@,Vancouver Canucks,4,3,W,,,33,8,0,2,0,,24,6,0,3,0,,48,37,56.5,36,24,60.0,36,21,63.2,48.1,99.3
NYR,18,2024-11-21,@,Calgary Flames,2,3,L,,,29,10,0,1,0,,49,2,1,5,0,,49,72,40.5,34,58,37.0,26,21,55.3,37.8,102.6
ANA,1,2024-10-12,@,San Jose Sharks,2,0,W,,,30,8,0,5,0,,30,12,0,3,0,,41,51,44.6,34,38,47.2,21,22,48.8,37.6,108.3
ANA,2,2024-10-13,@,Vegas Golden Knights,1,3,L,,,23,8,0,1,0,,32,2,1,4,0,,58,49,54.2,36,39,48.0,18,15,54.5,34.8,96.4
ANA,3,2024-10-16,,Utah Hockey Club,5,4,W,OT,,34,8,0,5,0,,30,14,1,2,0,,55,54,50.5,39,36,52.0,20,33,37.7,36.4,103.6
ANA,4,2024-10-18,@,Colorado Avalanche,3,4,L,OT,,19,10,0,3,0,,49,6,1,5,0,,45,80,36.0,31,56,35.6,15,30,33.3,27.2,109.0
ANA,5,2024-10-20,,Los Angeles Kings,1,4,L,,,14,4,0,3,0,,36,6,0,2,0,,33,56,37.1,23,42,35.4,15,29,34.1,43.3,95.4
ANA,6,2024-10-22,,San Jose Sharks,3,1,W,,,40,6,2,6,0,,28,14,1,2,0,,59,62,48.8,46,40,53.5,22,33,40.0,48.6,103.1
ANA,7,2024-10-26,@,New York Rangers,1,2,L,,,33,4,0,1,0,,32,4,0,1,0,,54,64,45.8,40,46,46.5,25,25,50.0,61.4,96.3
ANA,8,2024-10-27,@,New Jersey Devils,2,6,L,,,26,9,0,2,0,,34,11,1,1,0,,37,62,37.4,28,49,36.4,20,37,35.1,49.8,94.4
ANA,9,2024-10-29,@,New York Islanders,3,1,W,,,22,8,2,3,0,,41,6,1,4,0,,41,68,37.6,28,50,35.9,14,33,29.8,30.3,105.6
ANA,10,2024-10-31,@,Pittsburgh Penguins,1,2,L,OT,,23,6,0,2,0,,45,4,0,3,0,,46,85,35.1,33,60,35.5,25,25,50.0,37.5,99.6
ANA,11,2024-11-03,,Chicago Blackhawks,2,4,L,,,40,9,1,5,0,,29,25,2,2,0,,72,35,67.3,48,30,61.5,22,20,52.4,57.7,94.0
ANA,12,2024-11-05,,Vancouver Canucks,1,5,L,,,22,10,1,4,0,,37,8,1,5,0,,26,54,32.5,21,37,36.2,18,24,42.9,43.3,84.6
ANA,13,2024-11-08,,Minnesota Wild,2,5,L,,,35,10,0,6,0,,31,16,1,2,0,,60,47,56.1,44,31,58.7,13,23,36.1,68.2,90.7
ANA,14,2024-11-10,,Columbus Blue Jackets,4,2,W,,,30,4,0,2,0,,40,4,1,2,0,,50,74,40.3,34,53,39.1,20,30,40.0,38.2,114.5
ANA,15,2024-11-13,,Vegas Golden Knights,2,3,L,,,24,6,0,3,0,,39,6,1,3,0,,49,58,45.8,38,42,47.5,18,21,46.2,36.7,103.3
ANA,16,2024-11-15,,Detroit Red Wings,6,4,W,,,29,8,2,4,0,,25,8,3,4,0,,37,48,43.5,26,36,41.9,21,22,48.8,37.5,118.5
ANA,17,2024-11-18,@,Dallas Stars,4,2,W,,,27,4,1,2,0,,36,4,0,2,0,,45,75,37.5,34,54,38.6,22,41,34.9,35.4,105.8
ANA,18,2024-11-19,@,Chicago Blackhawks,3,2,W,,,24,2,0,2,0,,20,4,0,1,0,,49,40,55.1,35,27,56.5,24,24,50.0,38.5,105.0
WPG,1,2024-10-09,@,Edmonton Oilers,6,0,W,,,20,2,2,3,0,,30,6,0,1,0,,37,69,34.9,28,42,40.0,19,22,46.3,30.8,122.2
WPG,2,2024-10-11,,Chicago Blackhawks,2,1,W,OT,,35,2,0,2,0,,26,4,0,1,0,,65,47,58.0,46,40,53.5,33,19,63.5,62.8,102.1
WPG,3,2024-10-13,,Minnesota Wild,2,1,W,OT,,35,6,1,2,0,,27,4,0,3,0,,65,43,60.2,47,35,57.3,23,25,47.9,44.4,99.1
WPG,4,2024-10-18,,San Jose Sharks,8,3,W,,,36,4,4,7,0,,22,14,1,2,0,,54,38,58.7,38,30,55.9,21,21,50.0,68.1,104.2
WPG,5,2024-10-20,,Pittsburgh Penguins,6,3,W,,,37,4,0,2,0,,42,6,1,1,0,,62,78,44.3,51,55,48.1,27,29,48.2,53.9,111.0
WPG,6,2024-10-22,@,St. Louis Blues,3,2,W,,,24,4,1,2,0,,29,4,0,2,0,,55,53,50.9,33,37,47.1,23,19,54.8,51.6,102.3
WPG,7,2024-10-24,@,Seattle Kraken,4,3,W,OT,,36,4,0,1,0,,32,2,0,2,0,,52,54,49.1,35,42,45.5,36,32,52.9,58.8,102.1
WPG,8,2024-10-26,@,Calgary Flames,5,3,W,,,35,12,2,4,1,,29,22,0,4,0,,51,56,47.7,34,43,44.2,28,30,48.3,62.9,97.3
WPG,9,2024-10-28,,Toronto Maple Leafs,4,6,L,,,23,4,2,4,0,,36,8,0,2,0,,39,47,45.3,24,38,38.7,13,30,30.2,44.4,92.5
WPG,10,2024-10-30,@,Detroit Red Wings,6,2,W,,,29,6,1,2,0,,21,4,2,3,0,,47,45,51.1,39,30,56.5,28,17,62.2,50.0,119.2
WPG,11,2024-11-01,@,Columbus Blue Jackets,6,2,W,,,44,4,1,2,0,,22,4,1,2,0,,67,38,63.8,54,28,65.9,23,25,47.9,51.6,106.9
WPG,12,2024-11-03,,Tampa Bay Lightning,7,4,W,,,34,19,1,3,0,,30,31,1,2,0,,44,46,48.9,39,35,52.7,32,33,49.2,50.0,108.2
WPG,13,2024-11-05,,Utah Hockey Club,3,0,W,,,28,8,1,2,0,,21,4,0,4,0,,41,41,50.0,37,26,58.7,24,25,49.0,35.0,107.4
WPG,14,2024-11-07,,Colorado Avalanche,1,0,W,,,28,2,0,2,0,,35,4,0,1,0,,43,64,40.2,30,51,37.0,28,22,56.0,51.4,104.2
WPG,15,2024-11-09,,Dallas Stars,4,1,W,,,25,15,2,5,0,,33,27,0,4,0,,34,50,40.5,27,38,41.5,21,20,51.2,33.8,108.0
WPG,16,2024-11-12,@,New York Rangers,6,3,W,,,33,8,1,2,0,,36,4,1,4,0,,50,54,48.1,38,44,46.3,15,28,34.9,60.0,110.0
WPG,17,2024-11-14,@,Tampa Bay Lightning,1,4,L,,,24,6,0,5,0,,29,10,1,3,0,,50,47,51.5,34,39,46.6,21,18,53.8,56.0,92.8
WPG,18,2024-11-16,@,Florida Panthers,0,5,L,,,27,43,0,2,0,,31,31,0,3,1,,41,41,50.0,30,30,50.0,30,19,61.2,59.8,84.6
WPG,19,2024-11-19,,Florida Panthers,6,3,W,,,27,10,1,4,2,,23,10,2,4,0,,49,48,50.5,37,39,48.7,20,27,42.6,48.4,112.4
PHI,1,2024-10-11,@,Vancouver Canucks,3,2,W,SO,,31,10,1,4,0,,26,8,0,5,0,,37,51,42.0,27,34,44.3,21,28,42.9,58.7,93.0
PHI,2,2024-10-12,@,Calgary Flames,3,6,L,,,40,27,1,4,1,,32,15,2,5,0,,57,45,55.9,44,33,57.1,25,22,53.2,61.4,87.9
PHI,3,2024-10-15,@,Edmonton Oilers,3,4,L,OT,,30,18,2,7,0,,31,24,0,4,0,,33,52,38.8,28,37,43.1,22,25,46.8,28.6,89.6
PHI,4,2024-10-17,@,Seattle Kraken,4,6,L,,,25,19,1,4,0,,29,17,1,5,0,,51,50,50.5,35,34,50.7,28,17,62.2,50.0,90.5
PHI,5,2024-10-19,,Vancouver Canucks,0,3,L,,,26,6,0,3,0,,32,8,0,2,0,,47,52,47.5,38,41,48.1,25,24,51.0,36.1,90.3
PHI,6,2024-10-22,,Washington Capitals,1,4,L,,,18,17,0,3,0,,29,13,0,5,2,,37,40,48.1,22,31,41.5,15,19,44.1,56.5,96.7
PHI,7,2024-10-23,@,Washington Capitals,3,6,L,,,29,8,2,4,0,,25,10,0,3,0,,50,42,54.3,30,35,46.2,34,22,60.7,51.7,74.2
PHI,8,2024-10-26,,Minnesota Wild,7,5,W,,,23,10,1,2,0,,26,6,1,4,0,,45,46,49.5,33,27,55.0,26,22,54.2,37.8,100.6
PHI,9,2024-10-27,,Montreal Canadiens,3,4,L,,,26,4,0,3,0,,24,6,1,2,0,,61,40,60.4,39,30,56.5,33,17,66.0,66.3,99.3
PHI,10,2024-10-29,@,Boston Bruins,2,0,W,,,19,10,0,2,0,,25,6,0,4,0,,41,52,44.1,29,29,50.0,26,12,68.4,32.0,111.8
PHI,11,2024-10-31,,St. Louis Blues,2,1,W,,,21,4,0,3,0,,21,6,0,2,0,,40,56,41.7,26,33,44.1,20,14,58.8,40.7,105.9
PHI,12,2024-11-02,,Boston Bruins,0,3,L,,,20,12,0,3,0,,31,14,0,2,0,,41,52,44.1,24,36,40.0,18,17,51.4,54.5,87.5
PHI,13,2024-11-05,@,Carolina Hurricanes,4,6,L,,,16,4,1,3,0,,35,6,0,2,0,,33,75,30.6,24,57,29.6,26,21,55.3,26.1,101.4
PHI,14,2024-11-07,@,Tampa Bay Lightning,2,1,W,SO,,31,4,0,2,0,,23,4,0,2,0,,47,53,47.0,35,38,47.9,19,14,57.6,45.2,99.3
PHI,15,2024-11-09,@,Florida Panthers,3,4,L,SO,,37,6,0,2,0,,31,6,0,2,0,,48,62,43.6,40,48,45.5,24,29,45.3,49.1,98.7
PHI,16,2024-11-11,,San Jose Sharks,4,3,W,SO,,43,16,1,3,0,,31,16,0,3,0,,76,36,67.9,58,29,66.7,26,23,53.1,62.5,91.4
PHI,17,2024-11-14,@,Ottawa Senators,5,4,W,OT,,19,12,0,2,0,,37,4,2,6,0,,35,67,34.3,21,41,33.9,16,28,36.4,40.5,120.9
PHI,18,2024-11-16,,Buffalo Sabres,5,2,W,,,32,10,1,5,0,,25,12,1,4,0,,42,61,40.8,31,37,45.6,32,32,50.0,40.5,112.5
PHI,19,2024-11-18,,Colorado Avalanche,2,3,L,,,26,12,0,3,0,,29,10,1,4,0,,49,62,44.1,33,37,47.1,31,21,59.6,42.5,101.0
PHI,20,2024-11-20,,Carolina Hurricanes,1,4,L,,,19,2,0,3,0,,37,6,0,1,0,,28,79,26.2,22,59,27.2,21,26,44.7,49.5,96.6
DAL,1,2024-10-10,@,Nashville Predators,4,3,W,,,20,12,1,4,0,,36,8,1,6,0,,38,47,44.7,25,38,39.7,10,28,26.3,39.2,108.1
DAL,2,2024-10-12,,New York Islanders,3,0,W,,,27,2,0,2,0,,34,4,0,1,0,,41,63,39.4,28,49,36.4,24,25,49.0,55.6,112.5
DAL,3,2024-10-13,,Seattle Kraken,2,0,W,,,23,10,0,3,0,,25,8,0,4,0,,41,50,45.1,28,38,42.4,22,18,55.0,41.6,110.0
DAL,4,2024-10-15,,San Jose Sharks,3,2,W,SO,,38,6,0,4,0,,27,8,0,3,0,,67,42,61.5,51,32,61.4,25,17,59.5,62.5,97.2
DAL,5,2024-10-17,@,Washington Capitals,2,3,L,,,24,10,0,4,1,,26,8,0,5,0,,52,33,61.2,28,26,51.9,29,16,64.4,60.6,89.8
DAL,6,2024-10-19,,Edmonton Oilers,4,1,W,,,24,4,1,1,0,,31,2,0,2,0,,51,62,45.1,37,44,45.7,21,33,38.9,40.5,109.3
DAL,7,2024-10-22,@,Buffalo Sabres,2,4,L,,,30,2,0,3,0,,25,6,0,1,0,,69,48,59.0,40,33,54.8,26,16,61.9,50.0,88.7
DAL,8,2024-10-24,@,Boston Bruins,5,2,W,,,32,8,3,5,0,,27,10,1,4,0,,40,44,47.6,27,36,42.9,18,22,45.0,53.9,104.3
DAL,9,2024-10-26,,Chicago Blackhawks,4,2,W,,,30,6,1,3,0,,24,6,0,3,0,,54,46,54.0,35,33,51.5,18,25,41.9,44.5,103.0
DAL,10,2024-11-01,,Florida Panthers,4,6,L,,,36,6,0,3,0,,28,8,1,2,1,,51,47,52.0,39,30,56.5,27,27,50.0,50.0,98.1
DAL,11,2024-11-02,@,Florida Panthers,2,4,L,,,25,15,1,4,0,,25,15,1,4,0,,46,28,62.2,30,22,57.7,20,20,50.0,56.2,85.3
DAL,12,2024-11-07,,Chicago Blackhawks,3,1,W,,,40,6,0,3,0,,26,6,1,3,0,,69,39,63.9,46,29,61.3,32,15,68.1,61.4,108.6
DAL,13,2024-11-09,@,Winnipeg Jets,1,4,L,,,33,27,0,4,0,,25,15,2,5,0,,50,34,59.5,38,27,58.5,20,21,48.8,66.2,92.0
DAL,14,2024-11-11,@,Pittsburgh Penguins,7,1,W,,,40,2,2,4,0,,21,8,0,1,0,,46,37,55.4,35,29,54.7,20,20,50.0,50.0,113.1
DAL,15,2024-11-14,,Boston Bruins,7,2,W,,,38,9,0,2,0,,25,19,0,2,0,,52,43,54.7,43,34,55.8,22,34,39.3,56.8,110.5
DAL,16,2024-11-16,@,Minnesota Wild,2,1,W,,,40,14,0,1,0,,23,12,0,2,0,,64,55,53.8,49,39,55.7,30,22,57.7,66.7,100.4
DAL,17,2024-11-18,,Anaheim Ducks,2,4,L,,,36,4,0,2,0,,27,4,1,2,0,,79,45,63.7,54,34,61.4,41,22,65.1,64.8,94.3
DAL,18,2024-11-20,,San Jose Sharks,5,2,W,,,31,6,0,4,0,,23,8,0,3,1,,48,38,55.8,32,24,57.1,26,20,56.5,50.0,117.6
NYI,1,2024-10-10,,Utah Hockey Club,4,5,L,OT,,27,4,1,6,1,,26,12,2,2,0,,43,56,43.4,28,36,43.8,27,27,50.0,51.8,100.0
NYI,2,2024-10-12,@,Dallas Stars,0,3,L,,,34,4,0,1,0,,27,2,0,2,0,,65,41,61.3,49,28,63.6,25,24,51.0,44.4,87.5
NYI,3,2024-10-14,@,Colorado Avalanche,6,2,W,,,37,6,0,1,1,,34,4,0,2,0,,55,65,45.8,41,46,47.1,36,29,55.4,44.5,108.5
NYI,4,2024-10-17,@,St. Louis Blues,0,1,L,OT,,34,4,0,2,0,,30,6,0,1,0,,52,52,50.0,37,33,52.9,21,17,55.3,53.9,96.4
NYI,5,2024-10-19,,Montreal Canadiens,4,3,W,SO,,36,2,1,6,0,,24,12,1,1,0,,57,42,57.6,39,34,53.4,20,20,50.0,71.0,97.6
NYI,6,2024-10-22,,Detroit Red Wings,0,1,L,,,30,2,0,3,0,,11,6,0,1,0,,52,25,67.5,38,17,69.1,25,28,47.2,67.6,90.0
NYI,7,2024-10-25,@,New Jersey Devils,4,3,W,OT,,30,9,1,4,0,,36,13,0,2,0,,42,58,42.0,30,44,40.5,28,17,62.2,50.0,105.0
NYI,8,2024-10-26,,Florida Panthers,3,6,L,,,28,4,0,3,0,,29,6,1,2,1,,53,50,51.5,41,42,49.4,28,27,50.9,61.1,96.5
NYI,9,2024-10-29,,Anaheim Ducks,1,3,L,,,41,6,1,4,0,,22,8,2,3,0,,69,39,63.9,50,28,64.1,33,14,70.2,69.7,94.4
NYI,10,2024-10-30,@,Columbus Blue Jackets,0,2,L,,,26,0,0,1,0,,26,2,0,0,0,,73,51,58.9,50,39,56.2,26,18,59.1,61.3,92.3
NYI,11,2024-11-01,@,Buffalo Sabres,4,3,W,,,36,15,1,4,0,,35,15,1,4,0,,39,64,37.9,32,43,42.7,24,19,55.8,32.3,106.4
NYI,12,2024-11-03,@,New York Rangers,2,5,L,,,37,6,0,5,0,,40,10,1,3,1,,56,45,55.4,40,36,52.6,22,20,52.4,52.8,96.8
NYI,13,2024-11-05,,Pittsburgh Penguins,4,3,W,SO,,26,8,1,4,0,,35,8,1,4,0,,42,56,42.9,34,44,43.6,24,25,49.0,44.4,103.3
NYI,14,2024-11-07,@,Ottawa Senators,4,2,W,,,25,8,0,2,0,,30,6,1,3,0,,44,61,41.9,30,39,43.5,21,25,45.7,45.3,112.2
NYI,15,2024-11-09,,New Jersey Devils,3,4,L,OT,,22,4,0,0,0,,33,0,1,2,0,,47,54,46.5,37,42,46.8,27,22,55.1,37.9,102.5
NYI,16,2024-11-12,@,Edmonton Oilers,3,4,L,OT,,22,4,0,2,0,,42,4,1,2,0,,43,71,37.7,29,55,34.5,24,27,47.1,44.9,107.1
NYI,17,2024-11-14,@,Vancouver Canucks,5,2,W,,,32,7,1,5,0,,26,15,0,1,0,,48,46,51.1,36,30,54.5,25,17,59.5,56.0,103.2
NYI,18,2024-11-16,@,Seattle Kraken,2,3,L,,,24,8,0,1,1,,27,2,0,4,0,,47,50,48.5,39,36,52.0,24,21,53.3,42.9,90.7
NYI,19,2024-11-19,@,Calgary Flames,1,2,L,SO,,29,2,0,3,0,,31,6,1,1,0,,43,57,43.0,35,36,49.3,38,22,63.3,40.5,103.7
NYI,20,2024-11-21,@,Detroit Red Wings,1,2,L,,,23,6,0,1,0,,31,2,0,3,0,,45,54,45.5,32,39,45.1,24,17,58.5,46.9,96.8
UTA,1,2024-10-08,,Chicago Blackhawks,5,2,W,,,27,11,0,1,0,,26,17,0,3,0,,57,62,47.9,41,41,50.0,26,27,49.1,45.5,111.7
UTA,2,2024-10-10,@,New York Islanders,5,4,W,OT,,26,12,2,2,0,,27,4,1,6,1,,56,41,57.7,36,28,56.3,27,27,50.0,48.2,100.0
UTA,3,2024-10-12,@,New York Rangers,6,5,W,OT,,26,26,1,4,0,,34,28,1,3,0,,53,60,46.9,38,47,44.7,22,28,44.0,38.2,110.0
UTA,4,2024-10-14,@,New Jersey Devils,0,3,L,,,20,14,0,4,0,,32,8,2,7,0,,36,36,50.0,25,20,55.6,14,12,53.8,58.9,93.3
UTA,5,2024-10-16,@,Anaheim Ducks,4,5,L,OT,,30,14,1,2,0,,34,8,0,5,0,,56,54,50.9,36,39,48.0,33,20,62.3,63.6,96.4
UTA,6,2024-10-19,,Boston Bruins,2,1,W,OT,,32,8,0,4,0,,22,10,0,3,0,,56,29,65.9,38,22,63.3,17,18,48.6,73.4,101.3
UTA,7,2024-10-22,,Ottawa Senators,0,4,L,,,31,6,0,2,0,,22,8,1,1,0,,61,43,58.7,46,31,59.7,32,21,60.4,40.2,85.0
UTA,8,2024-10-24,,Colorado Avalanche,1,5,L,,,26,8,0,3,0,,26,6,2,4,0,,50,32,61.0,32,25,56.1,29,15,65.9,68.0,89.8
UTA,9,2024-10-26,@,Los Angeles Kings,2,3,L,,,26,6,0,3,0,,23,6,1,3,0,,53,41,56.4,38,30,55.9,33,20,62.3,52.4,98.2
UTA,10,2024-10-28,,San Jose Sharks,4,5,L,OT,,23,13,0,2,0,,46,9,1,4,0,,52,60,46.4,37,47,44.0,34,26,56.7,39.4,108.5
UTA,11,2024-10-30,,Calgary Flames,5,1,W,,,28,8,2,4,0,,31,10,0,3,0,,51,43,54.3,31,31,50.0,30,21,58.8,56.2,111.8
UTA,12,2024-11-02,@,Vegas Golden Knights,3,4,L,OT,,19,7,0,0,0,,35,5,0,1,0,,51,54,48.6,34,45,43.0,25,24,51.0,43.2,104.0
UTA,13,2024-11-05,@,Winnipeg Jets,0,3,L,,,21,4,0,4,0,,28,8,1,2,0,,42,40,51.2,26,37,41.3,25,24,51.0,65.0,92.6
UTA,14,2024-11-07,@,St. Louis Blues,4,2,W,,,31,24,0,2,0,,15,21,0,3,0,,56,30,65.1,41,16,71.9,31,23,57.4,52.6,97.1
UTA,15,2024-11-09,@,Nashville Predators,0,4,L,,,27,13,0,2,0,,21,9,2,4,0,,53,29,64.6,41,23,64.1,16,22,42.1,72.5,86.7
UTA,16,2024-11-13,,Carolina Hurricanes,4,1,W,,,21,25,0,1,0,,50,2,1,6,0,,45,65,40.9,30,47,39.0,24,34,41.4,38.1,120.0
UTA,17,2024-11-15,,Vegas Golden Knights,2,4,L,,,32,11,1,4,0,,29,23,2,3,0,,71,39,64.5,44,31,58.7,31,22,58.5,52.9,95.4
UTA,18,2024-11-18,,Washington Capitals,2,6,L,,,26,13,0,7,0,,24,21,1,3,0,,46,24,65.7,28,20,58.3,21,21,50.0,64.9,79.9
UTA,19,2024-11-21,@,Boston Bruins,0,1,L,,,21,24,0,4,0,,31,18,1,7,0,,41,34,54.7,31,21,59.6,17,19,47.2,56.9,100.0
VAN,1,2024-10-09,,Calgary Flames,5,6,L,OT,,24,15,2,4,0,,26,17,1,3,1,,51,50,50.5,30,39,43.5,27,25,51.9,42.7,98.4
VAN,2,2024-10-11,,Philadelphia Flyers,2,3,L,SO,,26,8,0,5,0,,31,10,1,4,0,,54,37,59.3,34,27,55.7,28,21,57.1,41.3,107.0
VAN,3,2024-10-15,@,Tampa Bay Lightning,1,4,L,,,27,14,1,3,0,,27,8,0,5,0,,52,49,51.5,30,38,44.1,21,19,52.5,53.3,84.0
VAN,4,2024-10-17,@,Florida Panthers,3,2,W,OT,,33,9,0,2,0,,28,11,1,1,0,,52,59,46.8,43,41,51.2,29,28,50.9,36.6,105.7
VAN,5,2024-10-19,@,Philadelphia Flyers,3,0,W,,,32,8,0,2,0,,26,6,0,3,0,,52,47,52.5,41,38,51.9,24,25,49.0,63.9,109.7
VAN,6,2024-10-22,@,Chicago Blackhawks,6,3,W,,,30,10,2,3,0,,34,6,1,5,0,,50,44,53.2,36,33,52.2,19,29,39.6,53.3,108.3
VAN,7,2024-10-26,,Pittsburgh Penguins,4,3,W,,,34,4,0,3,0,,24,6,0,2,0,,52,40,56.5,40,32,55.6,27,22,55.1,68.8,99.0
VAN,8,2024-10-28,,Carolina Hurricanes,3,4,L,OT,,27,6,0,3,0,,32,6,0,3,0,,43,42,50.6,32,35,47.8,24,22,52.2,51.6,97.1
VAN,9,2024-10-30,,New Jersey Devils,0,6,L,,,20,11,0,4,0,,22,15,1,2,1,,43,48,47.3,34,35,49.3,23,27,46.0,60.2,77.8
VAN,10,2024-11-02,@,San Jose Sharks,3,2,W,,,28,4,0,2,0,,23,4,0,2,0,,62,45,57.9,41,34,54.7,18,16,52.9,52.6,103.3
VAN,11,2024-11-05,@,Anaheim Ducks,5,1,W,,,37,8,1,5,0,,22,10,1,4,0,,56,26,68.3,37,21,63.8,24,18,57.1,56.7,115.4
VAN,12,2024-11-07,@,Los Angeles Kings,4,2,W,,,23,12,1,3,0,,28,21,0,4,0,,46,43,51.7,33,30,52.4,18,15,54.5,43.5,107.1
VAN,13,2024-11-09,,Edmonton Oilers,3,7,L,,,20,6,1,2,0,,31,4,1,3,0,,36,47,43.4,28,37,43.1,30,24,55.6,51.4,86.1
VAN,14,2024-11-12,,Calgary Flames,3,1,W,,,32,4,1,3,0,,29,6,0,2,0,,45,46,49.5,37,32,53.6,33,21,61.1,46.3,103.1
VAN,15,2024-11-14,,New York Islanders,2,5,L,,,26,15,0,1,0,,32,7,1,5,0,,48,47,50.5,30,36,45.5,17,25,40.5,44.0,96.8
VAN,16,2024-11-16,,Chicago Blackhawks,4,1,W,,,33,2,1,3,0,,29,6,0,1,0,,61,41,59.8,43,32,57.3,28,17,62.2,55.9,106.9
VAN,17,2024-11-17,,Nashville Predators,3,5,L,,,27,4,1,2,0,,22,4,2,2,0,,56,48,53.8,38,35,52.1,24,21,53.3,62.1,91.9
VAN,18,2024-11-19,,New York Rangers,3,4,L,,,24,6,0,3,0,,33,8,0,2,0,,39,48,44.8,24,36,40.0,21,36,36.8,51.9,100.7
OTT,1,2024-10-10,,Florida Panthers,3,1,W,,,31,4,1,3,0,,32,6,0,2,0,,41,71,36.6,32,44,42.1,28,22,56.0,48.6,104.6
OTT,2,2024-10-12,@,Montreal Canadiens,1,4,L,,,25,10,0,4,0,,26,10,1,4,0,,47,30,61.0,33,21,61.1,17,24,41.5,61.0,87.9
OTT,3,2024-10-14,,Los Angeles Kings,8,7,W,OT,,41,17,4,6,0,,26,19,3,5,0,,66,35,65.3,47,26,64.4,22,28,44.0,73.9,90.7
OTT,4,2024-10-17,,New Jersey Devils,1,3,L,,,31,4,1,3,0,,35,6,0,2,1,,53,51,51.0,44,37,54.3,20,16,55.6,40.0,92.3
OTT,5,2024-10-19,,Tampa Bay Lightning,5,4,W,,,28,10,2,5,1,,29,14,0,3,0,,42,44,48.8,23,29,44.2,23,28,45.1,59.0,93.3
OTT,6,2024-10-22,@,Utah Hockey Club,4,0,W,,,22,8,1,1,0,,31,6,0,2,0,,43,59,42.2,31,46,40.3,21,32,39.6,59.8,115.0
OTT,7,2024-10-25,@,Vegas Golden Knights,4,6,L,,,39,4,1,2,0,,28,4,1,2,0,,57,47,54.8,48,33,59.3,27,31,46.6,50.0,87.4
OTT,8,2024-10-27,@,Colorado Avalanche,4,5,L,,,30,2,0,1,0,,32,2,0,1,0,,55,70,44.0,45,47,48.9,27,23,54.0,48.3,97.1
OTT,9,2024-10-29,,St. Louis Blues,8,1,W,,,35,12,2,3,0,,27,10,1,4,0,,56,41,57.7,42,29,59.2,29,18,61.7,50.3,119.4
OTT,10,2024-11-01,@,New York Rangers,1,2,L,,,41,4,0,5,0,,18,10,1,2,0,,68,26,72.3,51,19,72.9,19,24,44.2,61.1,95.2
OTT,11,2024-11-02,,Seattle Kraken,3,0,W,,,23,8,0,3,0,,22,6,0,4,0,,39,45,46.4,24,32,42.9,20,15,57.1,24.6,118.8
OTT,12,2024-11-05,@,Buffalo Sabres,1,5,L,,,38,23,0,3,0,,34,21,2,4,0,,56,49,53.3,44,38,53.7,26,23,53.1,60.0,92.6
OTT,13,2024-11-07,,New York Islanders,2,4,L,,,30,6,1,3,0,,25,8,0,2,0,,65,44,59.6,39,30,56.5,25,21,54.3,54.7,87.8
OTT,14,2024-11-09,@,Boston Bruins,3,2,W,OT,,34,4,1,3,0,,16,6,0,2,0,,52,32,61.9,38,19,66.7,19,19,50.0,56.5,90.7
OTT,15,2024-11-12,@,Toronto Maple Leafs,3,0,W,,,41,10,0,3,0,,27,8,0,4,0,,63,40,61.2,49,28,63.6,25,31,44.6,54.7,108.1
OTT,16,2024-11-14,,Philadelphia Flyers,4,5,L,OT,,37,4,2,6,0,,19,12,0,2,0,,68,34,66.7,41,21,66.1,28,16,63.6,59.5,79.1
OTT,17,2024-11-16,@,Carolina Hurricanes,0,4,L,,,24,10,0,4,0,,28,8,2,5,0,,36,45,44.4,30,33,47.6,18,21,46.2,38.0,90.0
OTT,18,2024-11-19,,Edmonton Oilers,2,5,L,,,29,13,0,2,0,,31,11,1,3,0,,53,45,54.1,37,35,51.4,23,26,46.9,62.5,92.3
OTT,19,2024-11-21,,Vegas Golden Knights,2,3,L,,,40,6,1,3,0,,32,8,0,2,0,,63,48,56.8,43,37,53.8,29,23,55.8,54.8,91.8
VEG,1,2024-10-09,,Colorado Avalanche,8,4,W,,,21,6,2,3,0,,32,6,1,3,0,,33,55,37.5,24,40,37.5,28,17,62.2,36.2,123.7
VEG,2,2024-10-11,,St. Louis Blues,4,3,W,,,28,4,0,2,0,,22,4,1,2,0,,42,44,48.8,32,30,51.6,23,26,46.9,32.1,106.5
VEG,3,2024-10-13,,Anaheim Ducks,3,1,W,,,32,2,1,4,0,,23,8,0,1,0,,49,53,48.0,39,36,52.0,15,18,45.5,65.2,103.6
VEG,4,2024-10-15,@,Washington Capitals,2,4,L,,,26,6,1,4,0,,22,8,1,3,0,,45,40,52.9,33,29,53.2,20,21,48.8,66.7,84.5
VEG,5,2024-10-17,@,Tampa Bay Lightning,3,4,L,,,25,4,1,3,0,,25,6,0,2,0,,33,55,37.5,27,39,40.9,22,17,56.4,50.0,91.0
VEG,6,2024-10-19,@,Florida Panthers,3,4,L,OT,,26,4,0,1,0,,49,2,1,2,0,,52,81,39.1,36,55,39.6,36,25,59.0,34.9,105.8
VEG,7,2024-10-22,,Los Angeles Kings,6,1,W,,,30,8,2,2,0,,35,4,0,4,0,,46,66,41.1,34,49,41.0,27,15,64.3,33.3,112.7
VEG,8,2024-10-25,,Ottawa Senators,6,4,W,,,28,4,1,2,0,,39,4,1,2,0,,47,57,45.2,33,48,40.7,31,27,53.4,50.0,112.6
VEG,9,2024-10-26,,San Jose Sharks,7,3,W,,,42,4,1,4,1,,26,8,0,2,0,,56,50,52.8,42,37,53.2,21,20,51.2,47.8,103.6
VEG,10,2024-10-28,,Calgary Flames,5,0,W,,,38,2,0,2,0,,16,4,0,1,0,,62,49,55.9,39,27,59.1,31,25,55.4,66.7,115.2
VEG,11,2024-10-30,@,Los Angeles Kings,3,6,L,,,26,9,1,3,0,,27,13,1,1,0,,49,45,52.1,40,38,51.3,25,23,52.1,64.3,87.5
VEG,12,2024-11-02,,Utah Hockey Club,4,3,W,OT,,35,5,0,1,0,,19,7,0,0,0,,55,48,53.4,45,34,57.0,24,25,49.0,56.8,96.0
VEG,13,2024-11-06,@,Edmonton Oilers,4,2,W,,,35,2,1,2,0,,29,4,0,1,0,,44,50,46.8,37,40,48.1,24,29,45.3,41.4,103.4
VEG,14,2024-11-08,@,Seattle Kraken,3,4,L,OT,,24,2,1,4,0,,32,8,0,1,0,,42,48,46.7,29,39,42.6,20,24,45.5,58.1,95.7
VEG,15,2024-11-11,,Carolina Hurricanes,2,5,L,,,32,8,1,3,0,,34,6,0,4,1,,51,57,47.2,35,46,43.2,20,36,35.7,56.6,88.5
VEG,16,2024-11-13,@,Anaheim Ducks,3,2,W,,,39,6,1,3,0,,24,6,0,3,0,,59,49,54.6,42,38,52.5,21,18,53.8,63.3,96.7
VEG,17,2024-11-15,@,Utah Hockey Club,4,2,W,,,29,23,2,3,0,,32,11,1,4,0,,40,69,36.7,31,44,41.3,22,31,41.5,47.1,104.6
VEG,18,2024-11-17,,Washington Capitals,2,5,L,,,42,2,0,1,0,,25,2,1,1,0,,80,60,57.1,57,44,56.4,33,33,50.0,73.9,88.5
VEG,19,2024-11-20,@,Toronto Maple Leafs,0,3,L,,,31,10,0,3,0,,26,12,1,2,0,,61,44,58.1,34,32,51.5,22,17,56.4,57.1,89.5
VEG,20,2024-11-21,@,Ottawa Senators,3,2,W,,,32,8,0,2,0,,40,6,1,3,0,,49,63,43.8,37,43,46.3,23,29,44.2,45.2,108.2
CAR,1,2024-10-11,,Tampa Bay Lightning,1,4,L,,,21,12,0,4,0,,23,8,2,6,0,,57,32,64.0,38,23,62.3,28,26,51.9,60.1,93.2
CAR,2,2024-10-15,,New Jersey Devils,4,2,W,,,31,6,0,1,0,,26,2,1,3,0,,73,50,59.3,47,38,55.3,30,17,63.8,54.3,109.3
CAR,3,2024-10-18,@,Pittsburgh Penguins,4,1,W,,,38,12,2,4,0,,26,10,0,5,0,,64,30,68.1,44,22,66.7,21,23,47.7,64.0,100.2
CAR,4,2024-10-19,@,St. Louis Blues,3,4,L,,,40,14,1,3,0,,19,10,0,4,0,,58,27,68.2,47,23,67.1,27,28,49.1,73.9,82.2
CAR,5,2024-10-22,@,Edmonton Oilers,3,2,W,OT,,33,10,1,2,0,,35,6,1,4,0,,58,45,56.3,44,35,55.7,18,23,43.9,63.7,103.8
CAR,6,2024-10-24,@,Calgary Flames,4,2,W,,,43,8,1,3,0,,32,10,0,2,0,,68,47,59.1,49,34,59.0,38,25,60.3,49.8,100.7
CAR,7,2024-10-26,@,Seattle Kraken,4,1,W,,,39,6,1,6,0,,19,12,0,3,0,,66,20,76.7,46,15,75.4,21,20,51.2,62.5,104.5
CAR,8,2024-10-28,@,Vancouver Canucks,4,3,W,OT,,32,6,0,3,0,,27,6,0,3,0,,42,43,49.4,35,32,52.2,22,24,47.8,48.4,102.9
CAR,9,2024-10-31,,Boston Bruins,8,2,W,,,37,10,3,5,0,,15,10,1,5,0,,49,22,69.0,38,15,71.7,27,28,49.1,71.1,107.4
CAR,10,2024-11-03,,Washington Capitals,4,2,W,,,45,8,0,3,0,,21,6,1,4,0,,67,33,67.0,51,23,68.9,25,23,52.1,75.8,104.6
CAR,11,2024-11-05,,Philadelphia Flyers,6,4,W,,,35,6,0,2,0,,16,4,1,3,0,,75,33,69.4,57,24,70.4,21,26,44.7,73.9,98.6
CAR,12,2024-11-07,,Pittsburgh Penguins,5,1,W,,,18,8,0,1,0,,36,2,0,4,0,,39,53,42.4,27,39,40.9,26,20,56.5,40.0,129.3
CAR,13,2024-11-09,@,Colorado Avalanche,4,6,L,,,31,10,1,4,0,,29,8,1,5,1,,47,42,52.8,39,32,54.9,34,21,61.8,50.8,94.0
CAR,14,2024-11-11,@,Vegas Golden Knights,5,2,W,,,34,6,0,4,1,,32,8,1,3,0,,58,51,53.2,46,35,56.8,36,20,64.3,43.4,111.5
CAR,15,2024-11-13,@,Utah Hockey Club,1,4,L,,,50,2,1,6,0,,21,25,0,1,0,,67,43,60.9,47,30,61.0,34,24,58.6,61.9,80.0
CAR,16,2024-11-16,,Ottawa Senators,4,0,W,,,28,8,2,5,0,,24,10,0,4,0,,46,35,56.8,33,30,52.4,21,18,53.8,62.0,110.0
CAR,17,2024-11-17,,St. Louis Blues,4,1,W,,,24,2,1,3,0,,30,6,0,1,0,,62,43,59.0,45,37,54.9,36,20,64.3,48.8,112.5
CAR,18,2024-11-20,@,Philadelphia Flyers,4,1,W,,,37,6,0,1,0,,19,2,0,3,0,,81,28,74.3,59,22,72.8,26,21,55.3,50.5,103.4
CAR,19,2024-11-21,@,New Jersey Devils,2,4,L,,,22,6,1,2,0,,21,4,2,3,0,,59,43,57.8,36,36,50.0,20,19,51.3,47.8,92.8
SJS,1,2024-10-10,,St. Louis Blues,4,5,L,OT,,29,4,1,2,1,,40,4,0,2,0,,41,69,37.3,26,48,35.1,23,32,41.8,53.1,95.6
SJS,2,2024-10-12,,Anaheim Ducks,0,2,L,,,30,12,0,3,0,,30,8,0,5,0,,52,40,56.5,38,34,52.8,22,21,51.2,62.4,91.7
SJS,3,2024-10-15,@,Dallas Stars,2,3,L,SO,,27,8,0,3,0,,38,6,0,4,0,,42,65,39.3,32,51,38.6,17,25,40.5,37.5,102.8
SJS,4,2024-10-17,@,Chicago Blackhawks,2,4,L,,,22,14,0,3,0,,27,6,2,7,0,,49,49,50.0,32,34,48.5,23,18,56.1,70.2,97.8
SJS,5,2024-10-18,@,Winnipeg Jets,3,8,L,,,22,14,1,2,0,,36,4,4,7,0,,38,54,41.3,30,38,44.1,21,21,50.0,31.9,95.8
SJS,6,2024-10-20,,Colorado Avalanche,1,4,L,,,26,15,1,5,0,,22,17,1,4,0,,48,37,56.5,29,26,52.7,23,26,46.9,68.8,81.3
SJS,7,2024-10-22,@,Anaheim Ducks,1,3,L,,,28,14,1,2,0,,40,6,2,6,0,,65,58,52.8,40,46,46.5,33,22,60.0,51.4,96.9
SJS,8,2024-10-24,@,Los Angeles Kings,2,3,L,,,26,11,2,6,0,,30,19,0,2,0,,48,43,52.7,27,34,44.3,23,21,52.3,37.5,88.0
SJS,9,2024-10-26,@,Vegas Golden Knights,3,7,L,,,26,8,0,2,0,,42,4,1,4,1,,51,54,48.6,37,42,46.8,20,21,48.8,52.2,96.4
SJS,10,2024-10-28,@,Utah Hockey Club,5,4,W,OT,,46,9,1,4,0,,23,13,0,2,0,,60,50,54.5,47,37,56.0,26,34,43.3,60.6,91.5
SJS,11,2024-10-29,,Los Angeles Kings,4,2,W,,,21,12,0,4,0,,28,8,0,6,0,,40,53,43.0,28,36,43.8,18,24,42.9,46.1,114.4
SJS,12,2024-10-31,,Chicago Blackhawks,3,2,W,,,29,6,1,1,0,,29,2,0,3,0,,47,63,42.7,37,40,48.1,23,12,65.7,46.2,99.7
SJS,13,2024-11-02,,Vancouver Canucks,2,3,L,,,23,4,0,2,0,,28,4,0,2,0,,45,62,42.1,34,41,45.3,16,18,47.1,47.4,96.7
SJS,14,2024-11-05,,Columbus Blue Jackets,2,1,W,OT,,27,8,0,4,0,,50,10,0,3,0,,45,71,38.8,34,58,37.0,26,17,60.5,44.7,105.7
SJS,15,2024-11-07,,Minnesota Wild,2,5,L,,,26,6,0,3,0,,31,6,1,3,0,,38,48,44.2,29,36,44.6,28,17,62.2,45.0,93.9
SJS,16,2024-11-10,@,New Jersey Devils,1,0,W,,,27,4,0,3,0,,44,6,0,2,0,,46,70,39.7,31,45,40.8,17,25,40.5,41.2,104.2
SJS,17,2024-11-11,@,Philadelphia Flyers,3,4,L,SO,,31,16,0,3,0,,43,16,1,3,0,,36,76,32.1,29,58,33.3,23,26,46.9,37.5,108.6
SJS,18,2024-11-14,@,New York Rangers,2,3,L,,,27,4,1,3,0,,35,6,0,1,0,,47,63,42.7,32,49,39.5,19,20,48.7,52.2,94.6
SJS,19,2024-11-16,@,Pittsburgh Penguins,3,4,L,SO,,29,2,1,4,0,,36,8,0,1,0,,46,72,39.0,32,47,40.5,28,35,44.4,39.3,98.0
SJS,20,2024-11-18,,Detroit Red Wings,5,4,W,OT,,34,6,1,4,0,,20,8,2,3,0,,53,35,60.2,44,24,64.7,28,24,53.8,53.0,100.5
SJS,21,2024-11-20,@,Dallas Stars,2,5,L,,,23,8,0,3,1,,31,6,0,4,0,,40,48,45.5,24,32,42.9,20,26,43.5,50.0,82.4
SJS,22,2024-11-21,@,St. Louis Blues,2,3,L,SO,,24,2,1,2,0,,31,4,0,1,0,,54,53,50.5,33,38,46.5,28,26,51.9,46.2,98.3
MIN,1,2024-10-10,,Columbus Blue Jackets,3,2,W,,,26,6,1,3,0,,33,6,1,3,0,,34,57,37.4,28,39,41.8,28,21,57.1,44.5,106.2
MIN,2,2024-10-12,,Seattle Kraken,4,5,L,SO,,38,4,1,2,0,,34,4,1,2,0,,54,47,53.5,37,39,48.7,27,28,49.1,65.5,98.7
MIN,3,2024-10-13,@,Winnipeg Jets,1,2,L,OT,,27,4,0,3,0,,35,6,1,2,0,,44,61,41.9,35,47,42.7,25,23,52.1,55.6,100.9
MIN,4,2024-10-15,@,St. Louis Blues,4,1,W,,,27,4,2,5,1,,28,10,0,2,0,,48,59,44.9,35,38,47.9,15,19,44.1,47.6,99.5
MIN,5,2024-10-19,@,Columbus Blue Jackets,3,1,W,,,34,6,1,3,0,,24,6,0,3,0,,49,38,56.3,37,24,60.7,15,21,41.7,52.2,100.3
MIN,6,2024-10-22,@,Florida Panthers,5,1,W,,,22,0,1,2,0,,25,4,0,0,0,,42,58,42.0,30,38,44.1,27,21,56.3,16.1,115.0
MIN,7,2024-10-24,@,Tampa Bay Lightning,4,2,W,,,18,2,1,4,0,,26,8,0,1,1,,37,50,42.5,23,31,42.6,24,17,58.5,48.0,115.7
MIN,8,2024-10-26,@,Philadelphia Flyers,5,7,L,,,26,6,1,4,0,,23,10,1,2,0,,48,45,51.6,27,33,45.0,22,26,45.8,62.2,99.4
MIN,9,2024-10-29,@,Pittsburgh Penguins,5,3,W,,,40,9,0,5,0,,29,15,1,2,0,,53,47,53.0,44,32,57.9,17,27,38.6,56.7,107.9
MIN,10,2024-11-01,,Tampa Bay Lightning,5,3,W,,,22,13,0,2,0,,30,9,2,4,0,,39,38,50.6,30,27,52.6,20,23,46.5,52.0,123.0
MIN,11,2024-11-03,,Toronto Maple Leafs,2,1,W,OT,,33,6,0,3,0,,28,8,1,2,0,,64,36,64.0,42,29,59.2,20,18,52.6,50.3,106.7
MIN,12,2024-11-05,,Los Angeles Kings,1,5,L,,,24,4,0,4,0,,28,10,1,1,0,,37,51,42.0,26,42,38.2,25,27,48.1,51.4,87.6
MIN,13,2024-11-07,@,San Jose Sharks,5,2,W,,,31,6,1,3,0,,26,6,0,3,0,,48,38,55.8,36,29,55.4,17,28,37.8,55.0,106.1
MIN,14,2024-11-08,@,Anaheim Ducks,5,2,W,,,31,16,1,2,0,,35,10,0,6,0,,47,58,44.8,31,44,41.3,23,13,63.9,29.1,109.3
MIN,15,2024-11-10,@,Chicago Blackhawks,1,2,L,OT,,33,6,0,3,0,,22,6,0,3,0,,49,32,60.5,33,24,57.9,22,24,47.8,56.3,93.8
MIN,16,2024-11-14,,Montreal Canadiens,3,0,W,,,28,8,1,3,0,,19,8,0,3,0,,40,38,51.3,27,24,52.9,16,21,43.2,50.4,109.5
MIN,17,2024-11-16,,Dallas Stars,1,2,L,,,23,12,0,2,0,,40,14,0,1,0,,56,63,47.1,39,49,44.3,22,30,42.3,33.3,99.6
MIN,18,2024-11-19,@,St. Louis Blues,4,2,W,,,28,6,0,2,0,,24,6,1,2,0,,52,54,49.1,36,36,50.0,24,28,46.2,57.4,110.6
MIN,19,2024-11-21,@,Edmonton Oilers,5,3,W,,,26,9,0,1,0,,31,7,0,2,0,,49,63,43.8,34,39,46.6,26,33,44.1,26.5,110.3
LAK,1,2024-10-10,@,Buffalo Sabres,3,1,W,,,23,15,1,5,0,,33,35,0,5,1,,37,48,43.5,24,33,42.1,18,21,46.2,48.3,111.8
LAK,2,2024-10-12,@,Boston Bruins,1,2,L,OT,,34,10,0,5,0,,26,10,0,5,0,,42,41,50.6,28,28,50.0,18,15,54.5,49.6,95.0
LAK,3,2024-10-14,@,Ottawa Senators,7,8,L,OT,,26,19,3,5,0,,41,17,4,6,0,,36,66,35.3,26,47,35.6,28,22,56.0,26.1,109.3
LAK,4,2024-10-16,@,Toronto Maple Leafs,2,6,L,,,34,8,0,4,0,,26,8,2,4,0,,61,26,70.1,45,20,69.2,22,27,44.9,67.6,83.1
LAK,5,2024-10-17,@,Montreal Canadiens,4,1,W,,,32,10,0,2,1,,27,4,0,5,0,,59,43,57.8,40,31,56.3,13,30,30.2,61.8,106.4
LAK,6,2024-10-20,@,Anaheim Ducks,4,1,W,,,36,6,0,2,0,,14,4,0,3,0,,57,33,63.3,42,23,64.6,29,15,65.9,56.7,104.6
LAK,7,2024-10-22,@,Vegas Golden Knights,1,6,L,,,35,4,0,4,0,,30,8,2,2,0,,67,45,59.8,49,34,59.0,15,27,35.7,66.7,87.3
LAK,8,2024-10-24,,San Jose Sharks,3,2,W,,,30,19,0,2,0,,26,11,2,6,0,,44,47,48.4,34,27,55.7,21,23,47.7,62.5,112.0
LAK,9,2024-10-26,,Utah Hockey Club,3,2,W,,,23,6,1,3,0,,26,6,0,3,0,,41,52,44.1,30,38,44.1,20,33,37.7,47.6,101.8
LAK,10,2024-10-29,@,San Jose Sharks,2,4,L,,,28,8,0,6,0,,21,12,0,4,0,,56,38,59.6,36,28,56.3,24,18,57.1,53.9,85.6
LAK,11,2024-10-30,,Vegas Golden Knights,6,3,W,,,27,13,1,1,0,,26,9,1,3,0,,46,48,48.9,38,40,48.7,23,25,47.9,35.7,112.5
LAK,12,2024-11-02,,Chicago Blackhawks,3,4,L,SO,,40,9,1,3,0,,21,11,0,2,0,,62,41,60.2,44,30,59.5,30,16,65.2,60.9,92.0
LAK,13,2024-11-04,@,Nashville Predators,3,0,W,,,27,18,0,4,0,,16,20,0,3,0,,44,36,55.0,33,25,56.9,24,23,51.1,51.1,114.3
LAK,14,2024-11-05,@,Minnesota Wild,5,1,W,,,28,10,1,1,0,,24,4,0,4,0,,52,37,58.4,42,26,61.8,27,25,51.9,48.6,112.4
LAK,15,2024-11-07,,Vancouver Canucks,2,4,L,,,28,21,0,4,0,,23,12,1,3,0,,44,46,48.9,30,33,47.6,15,18,45.5,56.5,92.9
LAK,16,2024-11-09,,Columbus Blue Jackets,5,2,W,,,23,11,1,4,1,,26,13,1,3,0,,36,46,43.9,28,29,49.1,26,19,57.8,20.3,113.8
LAK,17,2024-11-11,@,Calgary Flames,1,3,L,,,29,11,0,1,0,,28,9,0,2,0,,77,51,60.2,42,34,55.3,17,20,45.9,68.0,90.5
LAK,18,2024-11-13,@,Colorado Avalanche,2,4,L,,,15,6,0,1,0,,26,2,0,3,0,,34,55,38.2,21,38,35.6,37,17,68.5,35.8,99.4
LAK,19,2024-11-16,,Detroit Red Wings,4,1,W,,,41,0,0,1,0,,18,2,0,0,0,,72,56,56.3,60,25,70.6,37,30,55.2,55.3,105.0
LAK,20,2024-11-20,,Buffalo Sabres,0,1,L,,,23,6,0,5,0,,19,10,1,3,0,,54,35,60.7,38,25,60.3,24,16,60.0,56.3,100.0
BUF,1,2024-10-04,,New Jersey Devils,1,4,L,,,31,4,0,4,0,,23,8,0,2,0,,61,41,59.8,43,32,57.3,30,16,65.2,70.0,83.8
BUF,2,2024-10-05,@,New Jersey Devils,1,3,L,,,18,13,0,2,0,,37,9,1,4,0,,62,44,58.5,38,39,49.4,15,23,39.5,63.0,98.2
BUF,3,2024-10-10,,Los Angeles Kings,1,3,L,,,33,35,0,5,1,,23,15,1,5,0,,50,36,58.1,33,24,57.9,21,18,53.8,51.7,88.2
BUF,4,2024-10-12,,Florida Panthers,5,2,W,,,27,6,0,3,0,,25,8,1,2,0,,60,37,61.9,47,22,68.1,26,25,51.0,51.9,114.4
BUF,5,2024-10-16,@,Pittsburgh Penguins,5,6,L,OT,,33,12,0,1,0,,43,4,2,5,1,,52,61,46.0,38,47,44.7,24,31,43.6,51.9,108.4
BUF,6,2024-10-17,@,Columbus Blue Jackets,4,6,L,,,24,6,0,2,0,,25,4,1,3,0,,47,35,57.3,32,27,54.2,22,25,46.8,61.3,97.2
BUF,7,2024-10-19,@,Chicago Blackhawks,4,2,W,,,22,6,0,4,0,,37,12,0,1,0,,42,53,44.2,25,40,38.5,22,22,50.0,32.3,119.3
BUF,8,2024-10-22,,Dallas Stars,4,2,W,,,25,6,0,1,0,,30,2,0,3,0,,49,66,42.6,33,40,45.2,16,26,38.1,50.0,111.3
BUF,9,2024-10-26,,Detroit Red Wings,5,3,W,,,39,4,1,4,0,,25,8,0,2,1,,58,43,57.4,43,30,58.9,19,42,31.1,48.9,102.6
BUF,10,2024-10-28,,Florida Panthers,2,5,L,,,28,12,1,3,0,,31,10,2,4,0,,45,44,50.6,36,33,52.2,31,16,66.0,40.2,92.5
BUF,11,2024-11-01,,New York Islanders,3,4,L,,,35,15,1,4,0,,36,15,1,4,0,,64,39,62.1,43,32,57.3,19,24,44.2,67.7,93.6
BUF,12,2024-11-02,@,Detroit Red Wings,1,2,L,,,32,8,0,2,1,,23,4,2,4,0,,64,49,56.6,45,34,57.0,19,27,41.3,47.5,100.0
BUF,13,2024-11-05,,Ottawa Senators,5,1,W,,,34,21,2,4,0,,38,23,0,3,0,,49,55,47.1,38,44,46.3,23,26,46.9,40.0,107.4
BUF,14,2024-11-07,@,New York Rangers,6,1,W,,,22,8,1,4,0,,26,8,0,4,0,,27,45,37.5,17,27,38.6,18,16,52.9,44.4,129.8
BUF,15,2024-11-09,,Calgary Flames,3,2,W,SO,,19,8,1,2,0,,26,6,0,3,0,,43,52,45.3,30,37,44.8,34,24,58.6,36.8,97.9
BUF,16,2024-11-11,,Montreal Canadiens,5,7,L,,,18,14,1,4,0,,23,10,2,6,0,,32,31,50.8,20,18,52.6,31,17,64.6,46.9,106.7
BUF,17,2024-11-14,,St. Louis Blues,4,3,W,OT,,33,2,1,3,0,,27,6,0,1,0,,56,46,54.9,39,36,52.0,21,34,38.2,44.7,97.7
BUF,18,2024-11-16,@,Philadelphia Flyers,2,5,L,,,25,12,1,4,0,,32,10,1,5,0,,61,40,60.4,37,31,54.4,32,32,50.0,59.5,87.5
BUF,19,2024-11-20,@,Los Angeles Kings,1,0,W,,,19,10,1,3,0,,23,6,0,5,0,,39,54,41.9,25,38,39.7,16,24,40.0,43.8,100.0
PIT,1,2024-10-09,,New York Rangers,0,6,L,,,31,6,0,3,0,,40,8,0,2,1,,64,56,53.3,45,49,47.9,23,25,47.9,62.8,85.3
PIT,2,2024-10-10,@,Detroit Red Wings,6,3,W,,,28,10,1,2,0,,32,4,1,5,0,,47,40,54.0,37,30,55.2,29,28,50.9,47.2,111.3
PIT,3,2024-10-12,@,Toronto Maple Leafs,2,4,L,,,23,6,1,4,0,,33,8,0,3,0,,48,39,55.2,28,32,46.7,19,18,51.4,59.1,91.1
PIT,4,2024-10-14,@,Montreal Canadiens,6,3,W,,,30,6,0,1,0,,28,4,1,2,0,,70,51,57.9,48,35,57.8,29,15,65.9,49.7,110.9
PIT,5,2024-10-16,,Buffalo Sabres,6,5,W,OT,,43,4,2,5,1,,33,12,0,1,0,,61,52,54.0,47,38,55.3,31,24,56.4,48.4,91.6
PIT,6,2024-10-18,,Carolina Hurricanes,1,4,L,,,26,10,0,5,0,,38,12,2,4,0,,31,60,34.1,22,44,33.3,23,21,52.3,36.0,99.8
PIT,7,2024-10-20,@,Winnipeg Jets,3,6,L,,,42,6,1,1,0,,37,4,0,2,0,,80,62,56.3,55,51,51.9,29,27,51.8,46.1,89.0
PIT,8,2024-10-22,@,Calgary Flames,3,4,L,SO,,38,8,1,4,0,,25,8,0,4,0,,54,44,55.1,44,25,63.8,36,24,60.0,50.0,86.1
PIT,9,2024-10-25,@,Edmonton Oilers,0,4,L,,,27,9,0,2,0,,50,9,1,2,0,,48,83,36.6,32,65,33.0,16,24,40.0,27.6,93.6
PIT,10,2024-10-26,@,Vancouver Canucks,3,4,L,,,24,6,0,2,0,,34,4,0,3,0,,43,51,45.7,32,40,44.4,22,27,44.9,31.3,101.0
PIT,11,2024-10-29,,Minnesota Wild,3,5,L,,,29,15,1,2,0,,40,9,0,5,0,,47,51,48.0,32,44,42.1,27,17,61.4,43.3,92.1
PIT,12,2024-10-31,,Anaheim Ducks,2,1,W,OT,,45,4,0,3,0,,23,6,0,2,0,,88,45,66.2,60,33,64.5,25,25,50.0,62.5,100.4
PIT,13,2024-11-02,,Montreal Canadiens,3,1,W,,,24,11,1,2,0,,26,13,0,2,0,,57,48,54.3,32,30,51.6,24,18,57.1,48.0,105.8
PIT,14,2024-11-05,@,New York Islanders,3,4,L,SO,,35,8,1,4,0,,26,8,1,4,0,,56,42,57.1,44,34,56.4,25,24,51.0,55.6,96.7
PIT,15,2024-11-07,@,Carolina Hurricanes,1,5,L,,,36,2,0,4,0,,18,8,0,1,0,,55,38,59.1,39,27,59.1,20,26,43.5,60.0,70.7
PIT,16,2024-11-08,@,Washington Capitals,4,2,W,,,32,6,0,2,0,,34,4,0,3,0,,60,52,53.6,43,40,51.8,25,25,50.0,47.4,105.9
PIT,17,2024-11-11,,Dallas Stars,1,7,L,,,21,8,0,1,0,,40,2,2,4,0,,37,46,44.6,29,35,45.3,20,20,50.0,50.0,86.9
PIT,18,2024-11-13,,Detroit Red Wings,2,3,L,OT,,33,4,0,2,0,,31,4,1,2,0,,70,52,57.4,46,36,56.1,22,25,46.8,62.5,99.5
PIT,19,2024-11-15,@,Columbus Blue Jackets,2,6,L,,,23,10,1,4,0,,39,8,1,5,0,,50,61,45.0,34,43,44.2,19,21,47.5,40.9,89.8
PIT,20,2024-11-16,,San Jose Sharks,4,3,W,SO,,36,8,0,1,0,,29,2,1,4,0,,76,45,62.8,47,32,59.5,35,28,55.6,60.7,102.0
PIT,21,2024-11-19,,Tampa Bay Lightning,2,3,L,OT,,19,6,1,2,0,,35,4,0,3,0,,34,65,34.3,24,47,33.8,17,23,42.5,43.8,94.7
CHI,1,2024-10-08,@,Utah Hockey Club,2,5,L,,,26,17,0,3,0,,27,11,0,1,0,,62,52,54.4,41,41,50.0,27,26,50.9,54.5,88.3
CHI,2,2024-10-11,@,Winnipeg Jets,1,2,L,OT,,26,4,0,1,0,,35,2,0,2,0,,48,62,43.6,40,46,46.5,19,33,36.5,37.2,97.9
CHI,3,2024-10-12,@,Edmonton Oilers,5,2,W,,,20,6,3,3,0,,38,6,1,3,0,,32,83,27.8,22,51,30.1,21,35,37.5,24.3,108.9
CHI,4,2024-10-15,@,Calgary Flames,1,3,L,,,32,6,0,2,0,,27,4,1,3,0,,58,45,56.3,38,29,56.7,29,30,49.2,54.5,94.5
CHI,5,2024-10-17,,San Jose Sharks,4,2,W,,,27,6,2,7,0,,22,14,0,3,0,,49,48,50.5,34,32,51.5,18,23,43.9,29.8,102.2
CHI,6,2024-10-19,,Buffalo Sabres,2,4,L,,,37,12,0,1,0,,22,6,0,4,0,,54,42,56.3,40,25,61.5,22,22,50.0,67.7,80.7
CHI,7,2024-10-22,,Vancouver Canucks,3,6,L,,,34,6,1,5,0,,30,10,2,3,0,,45,49,47.9,33,36,47.8,29,19,60.4,46.7,91.7
CHI,8,2024-10-25,,Nashville Predators,2,3,L,,,29,15,0,5,0,,34,15,1,5,1,,44,49,47.3,30,35,46.2,18,20,47.4,42.3,106.0
CHI,9,2024-10-26,@,Dallas Stars,2,4,L,,,24,6,0,3,0,,30,6,1,3,0,,46,54,46.0,33,35,48.5,25,18,58.1,55.5,97.0
CHI,10,2024-10-28,@,Colorado Avalanche,5,2,W,,,26,8,1,3,0,,26,6,1,4,0,,43,39,52.4,28,24,53.8,19,24,44.2,46.7,111.9
CHI,11,2024-10-31,@,San Jose Sharks,2,3,L,,,29,2,0,3,0,,29,6,1,1,0,,65,46,58.6,40,37,51.9,12,23,34.3,53.8,100.3
CHI,12,2024-11-02,@,Los Angeles Kings,4,3,W,SO,,21,11,0,2,0,,40,9,1,3,0,,41,61,40.2,30,44,40.5,16,30,34.8,39.1,108.0
CHI,13,2024-11-03,@,Anaheim Ducks,4,2,W,,,29,25,2,2,0,,40,9,1,5,0,,36,68,34.6,30,48,38.5,20,22,47.6,42.3,106.0
CHI,14,2024-11-06,,Detroit Red Wings,1,4,L,,,29,4,0,2,0,,25,4,0,2,0,,50,47,51.5,34,34,50.0,24,22,52.2,64.3,84.0
CHI,15,2024-11-07,@,Dallas Stars,1,3,L,,,26,6,1,3,0,,40,6,0,3,0,,41,67,38.0,29,46,38.7,15,32,31.9,38.6,91.4
CHI,16,2024-11-10,,Minnesota Wild,2,1,W,OT,,22,6,0,3,0,,33,6,0,3,0,,32,45,41.6,24,33,42.1,24,22,52.2,43.8,106.2
CHI,17,2024-11-14,@,Seattle Kraken,1,3,L,,,19,6,0,1,0,,26,2,1,3,0,,36,61,37.1,26,46,36.1,24,27,47.1,51.7,96.5
CHI,18,2024-11-16,@,Vancouver Canucks,1,4,L,,,29,6,0,1,0,,33,2,1,3,0,,42,59,41.6,32,43,42.7,17,28,37.8,44.1,93.1
CHI,19,2024-11-19,,Anaheim Ducks,2,3,L,,,20,4,0,1,0,,24,2,0,2,0,,41,49,45.6,27,35,43.5,24,24,50.0,61.5,95.0
CHI,20,2024-11-21,,Florida Panthers,3,1,W,,,20,4,1,1,0,,33,2,0,2,0,,33,58,36.3,24,42,36.4,23,31,42.6,40.5,108.4
NJD,1,2024-10-04,@,Buffalo Sabres,4,1,W,,,23,8,0,2,0,,31,4,0,4,0,,41,59,41.0,32,43,42.7,16,30,34.8,30.0,116.2
NJD,2,2024-10-05,,Buffalo Sabres,3,1,W,,,37,9,1,4,0,,18,13,0,2,0,,46,58,44.2,39,38,50.6,23,15,60.5,37.0,101.8
NJD,3,2024-10-10,,Toronto Maple Leafs,2,4,L,,,23,4,1,5,0,,22,10,0,2,0,,55,38,59.1,31,27,53.4,23,19,54.8,60.7,86.3
NJD,4,2024-10-12,@,Washington Capitals,5,3,W,,,33,8,0,4,0,,32,10,1,3,0,,47,50,48.5,32,37,46.4,27,18,60.0,42.2,111.4
NJD,5,2024-10-14,,Utah Hockey Club,3,0,W,,,32,8,2,7,0,,20,14,0,4,0,,36,33,52.2,20,25,44.4,12,14,46.2,41.1,106.7
NJD,6,2024-10-15,@,Carolina Hurricanes,2,4,L,,,26,2,1,3,0,,31,6,0,1,0,,51,72,41.5,38,47,44.7,17,30,36.2,45.7,90.7
NJD,7,2024-10-17,@,Ottawa Senators,3,1,W,,,35,6,0,2,1,,31,4,1,3,0,,53,52,50.5,37,44,45.7,16,20,44.4,60.0,107.7
NJD,8,2024-10-19,,Washington Capitals,5,6,L,OT,,31,9,1,2,0,,37,9,0,2,0,,50,58,46.3,39,44,47.0,32,23,58.2,51.8,96.6
NJD,9,2024-10-22,,Tampa Bay Lightning,5,8,L,,,35,6,2,3,0,,37,8,2,2,1,,53,50,51.5,36,41,46.8,33,33,50.0,62.0,93.1
NJD,10,2024-10-24,@,Detroit Red Wings,3,5,L,,,40,20,3,5,0,,20,22,2,4,0,,65,38,63.1,47,25,65.3,21,20,51.2,52.0,80.0
NJD,11,2024-10-25,,New York Islanders,3,4,L,OT,,36,13,0,2,0,,30,9,1,4,0,,60,40,60.0,44,30,59.5,17,28,37.8,50.0,95.0
NJD,12,2024-10-27,,Anaheim Ducks,6,2,W,,,34,11,1,1,0,,26,9,0,2,0,,62,36,63.3,49,28,63.6,37,20,64.9,50.2,105.6
NJD,13,2024-10-30,@,Vancouver Canucks,6,0,W,,,22,15,1,2,1,,20,11,0,4,0,,49,42,53.8,35,34,50.7,27,23,54.0,39.8,122.2
NJD,14,2024-11-01,@,Calgary Flames,0,3,L,,,22,25,0,3,0,,32,13,0,4,0,,39,45,46.4,22,35,38.6,26,27,49.1,39.4,88.9
NJD,15,2024-11-04,@,Edmonton Oilers,3,0,W,,,16,4,1,1,0,,31,4,0,1,0,,29,56,34.1,19,42,31.1,23,22,51.1,31.6,114.3
NJD,16,2024-11-07,,Montreal Canadiens,5,3,W,,,27,4,0,3,0,,24,6,0,2,0,,44,42,51.2,31,30,50.8,20,21,48.8,57.1,109.7
NJD,17,2024-11-09,@,New York Islanders,4,3,W,OT,,33,0,1,2,0,,22,4,0,0,0,,56,47,54.4,42,37,53.2,22,27,44.9,62.1,97.5
NJD,18,2024-11-10,,San Jose Sharks,0,1,L,,,44,6,0,2,0,,27,4,0,3,0,,73,43,62.9,45,31,59.2,25,17,59.5,58.8,95.8
NJD,19,2024-11-12,@,Florida Panthers,4,1,W,,,24,15,0,1,0,,35,11,1,3,0,,46,66,41.1,37,51,42.0,19,32,37.3,32.4,116.7
NJD,20,2024-11-14,@,Florida Panthers,6,2,W,,,29,17,3,5,1,,27,17,0,5,0,,42,45,48.3,30,34,46.9,25,17,59.5,57.9,98.8
NJD,21,2024-11-16,@,Tampa Bay Lightning,0,4,L,,,29,6,0,4,0,,26,8,1,3,0,,44,38,53.7,26,31,45.6,23,26,46.9,67.6,85.0
NJD,22,2024-11-21,,Carolina Hurricanes,4,2,W,,,21,4,2,3,0,,22,6,1,2,0,,46,58,44.2,36,36,50.0,19,20,48.7,52.2,107.2
FLA,1,2024-10-08,,Boston Bruins,6,4,W,,,35,15,0,6,1,,28,19,1,4,1,,55,37,59.8,42,30,58.3,20,21,48.8,58.3,106.8
FLA,2,2024-10-10,@,Ottawa Senators,1,3,L,,,32,6,0,2,0,,31,4,1,3,0,,74,41,64.3,44,32,57.9,22,28,44.0,51.4,95.4
FLA,3,2024-10-12,@,Buffalo Sabres,2,5,L,,,25,8,1,2,0,,27,6,0,3,0,,38,58,39.6,22,47,31.9,25,26,49.0,48.1,85.6
FLA,4,2024-10-14,@,Boston Bruins,4,3,W,,,26,19,1,5,1,,27,21,0,4,0,,36,37,49.3,30,32,48.4,17,26,39.5,50.0,97.0
FLA,5,2024-10-15,@,Columbus Blue Jackets,4,3,W,,,22,4,0,3,0,,38,6,0,2,1,,37,61,37.8,24,52,31.6,22,29,43.1,44.4,116.7
FLA,6,2024-10-17,,Vancouver Canucks,2,3,L,OT,,28,11,1,1,0,,33,9,0,2,0,,60,52,53.6,41,43,48.8,28,29,49.1,63.4,94.3
FLA,7,2024-10-19,,Vegas Golden Knights,4,3,W,OT,,49,2,1,2,0,,26,4,0,1,0,,81,52,60.9,55,36,60.4,25,36,41.0,65.1,94.2
FLA,8,2024-10-22,,Minnesota Wild,1,5,L,,,25,4,0,0,0,,22,0,1,2,0,,60,42,58.8,38,30,55.9,21,27,43.8,83.9,85.0
FLA,9,2024-10-24,@,New York Rangers,3,1,W,,,29,8,0,2,0,,25,4,0,4,0,,51,41,55.4,38,31,55.1,17,21,44.7,42.9,107.2
FLA,10,2024-10-26,@,New York Islanders,6,3,W,,,29,6,1,2,1,,28,4,0,3,0,,51,53,49.0,42,41,50.6,27,28,49.1,38.9,103.5
FLA,11,2024-10-28,@,Buffalo Sabres,5,2,W,,,31,10,2,4,0,,28,12,1,3,0,,44,44,50.0,33,36,47.8,16,31,34.0,59.8,107.5
FLA,12,2024-11-01,@,Dallas Stars,6,4,W,,,28,8,1,2,1,,36,6,0,3,0,,48,49,49.5,30,39,43.5,27,27,50.0,50.0,101.9
FLA,13,2024-11-02,,Dallas Stars,4,2,W,,,25,15,1,4,0,,25,15,1,4,0,,28,43,39.4,22,30,42.3,20,20,50.0,43.8,114.7
FLA,14,2024-11-07,,Nashville Predators,6,2,W,,,34,18,2,7,0,,18,22,1,5,0,,45,25,64.3,37,18,67.3,19,25,43.2,76.1,105.4
FLA,15,2024-11-09,,Philadelphia Flyers,4,3,W,SO,,31,6,0,2,0,,37,6,0,2,0,,63,47,57.3,48,40,54.5,29,24,54.7,50.9,101.3
FLA,16,2024-11-12,,New Jersey Devils,1,4,L,,,35,11,1,3,0,,24,15,0,1,0,,67,45,59.8,51,37,58.0,32,19,62.7,67.6,83.3
FLA,17,2024-11-14,,New Jersey Devils,2,6,L,,,27,17,0,5,0,,29,17,3,5,1,,48,39,55.2,34,30,53.1,17,25,40.5,42.1,101.2
FLA,18,2024-11-16,,Winnipeg Jets,5,0,W,,,31,31,0,3,1,,27,43,0,2,0,,44,41,51.8,30,30,50.0,19,30,38.8,40.2,115.4
FLA,19,2024-11-19,@,Winnipeg Jets,3,6,L,,,23,10,2,4,0,,27,10,1,4,2,,48,49,49.5,39,37,51.3,27,20,57.4,51.6,87.6
FLA,20,2024-11-21,@,Chicago Blackhawks,1,3,L,,,33,2,0,2,0,,20,4,1,1,0,,59,32,64.8,42,24,63.6,31,23,57.4,59.5,91.6
BOS,1,2024-10-08,@,Florida Panthers,4,6,L,,,28,19,1,4,1,,35,15,0,6,1,,38,55,40.9,30,42,41.7,21,20,51.2,41.7,93.2
BOS,2,2024-10-10,,Montreal Canadiens,6,4,W,,,29,12,1,5,0,,24,10,1,6,0,,44,46,48.9,30,34,46.9,20,25,44.4,53.5,106.9
BOS,3,2024-10-12,,Los Angeles Kings,2,1,W,OT,,26,10,0,5,0,,34,10,0,5,0,,43,40,51.8,28,28,50.0,15,18,45.5,50.4,105.0
BOS,4,2024-10-14,,Florida Panthers,3,4,L,,,27,21,0,4,0,,26,19,1,5,1,,38,36,51.4,32,30,51.6,26,17,60.5,50.0,103.0
BOS,5,2024-10-16,@,Colorado Avalanche,5,3,W,,,26,11,2,4,0,,25,13,3,3,0,,45,50,47.4,29,36,44.6,34,19,64.2,44.4,115.0
BOS,6,2024-10-19,@,Utah Hockey Club,1,2,L,OT,,22,10,0,3,0,,32,8,0,4,0,,31,55,36.0,22,38,36.7,18,17,51.4,26.6,98.7
BOS,7,2024-10-22,@,Nashville Predators,0,4,L,,,33,17,0,4,0,,42,13,1,6,0,,41,55,42.7,30,42,41.7,19,25,43.2,52.8,90.9
BOS,8,2024-10-24,,Dallas Stars,2,5,L,,,27,10,1,4,0,,32,8,3,5,0,,45,40,52.9,36,27,57.1,22,18,55.0,46.1,95.7
BOS,9,2024-10-26,,Toronto Maple Leafs,4,3,W,OT,,34,8,1,5,0,,23,12,0,3,0,,51,52,49.5,36,34,51.4,12,29,29.3,56.6,95.7
BOS,10,2024-10-29,,Philadelphia Flyers,0,2,L,,,25,6,0,4,0,,19,10,0,2,0,,56,39,58.9,29,29,50.0,12,26,31.6,68.0,88.2
BOS,11,2024-10-31,@,Carolina Hurricanes,2,8,L,,,15,10,1,5,0,,37,10,3,5,0,,23,47,32.9,15,38,28.3,28,27,50.9,28.9,92.6
BOS,12,2024-11-02,@,Philadelphia Flyers,3,0,W,,,31,14,0,2,0,,20,12,0,3,0,,55,40,57.9,36,24,60.0,17,18,48.6,45.5,112.5
BOS,13,2024-11-03,,Seattle Kraken,2,0,W,,,33,11,1,5,0,,23,15,0,3,0,,51,47,52.0,40,29,58.0,25,16,61.0,38.7,104.2
BOS,14,2024-11-05,@,Toronto Maple Leafs,0,4,L,,,29,16,0,6,0,,27,14,3,7,0,,38,34,52.8,26,27,49.1,20,20,50.0,48.3,94.7
BOS,15,2024-11-07,,Calgary Flames,4,3,W,OT,,38,10,0,2,0,,37,8,1,3,0,,56,54,50.9,40,42,48.8,31,25,55.4,54.1,106.6
BOS,16,2024-11-09,,Ottawa Senators,2,3,L,OT,,16,6,0,2,0,,34,4,1,3,0,,33,50,39.8,19,38,33.3,19,19,50.0,43.5,109.3
BOS,17,2024-11-12,@,St. Louis Blues,3,2,W,,,30,6,0,4,0,,22,8,2,3,0,,46,28,62.2,36,22,62.1,22,16,57.9,59.1,113.6
BOS,18,2024-11-14,@,Dallas Stars,2,7,L,,,25,19,0,2,0,,38,9,0,2,0,,44,52,45.8,34,43,44.2,34,22,60.7,43.2,89.5
BOS,19,2024-11-16,,St. Louis Blues,2,3,L,OT,,18,6,0,1,0,,31,4,0,2,0,,38,57,40.0,28,48,36.8,30,23,56.6,40.2,102.5
BOS,20,2024-11-18,,Columbus Blue Jackets,1,5,L,,,29,11,1,6,0,,28,19,0,2,2,,52,39,57.1,35,30,53.8,24,21,53.3,52.4,87.0
BOS,21,2024-11-21,,Utah Hockey Club,1,0,W,,,31,18,1,7,0,,21,24,0,4,0,,34,40,45.9,21,31,40.4,19,17,52.8,43.1,100.0
TOR,1,2024-10-09,@,Montreal Canadiens,0,1,L,,,48,10,0,4,0,,27,8,1,5,0,,91,32,74.0,70,21,76.9,14,7,66.7,69.2,100.0
TOR,2,2024-10-10,@,New Jersey Devils,4,2,W,,,22,10,0,2,0,,23,4,1,5,0,,40,53,43.0,27,31,46.6,19,23,45.2,39.3,113.8
TOR,3,2024-10-12,,Pittsburgh Penguins,4,2,W,,,33,8,0,3,0,,23,6,1,4,0,,40,45,47.1,32,28,53.3,18,19,48.6,40.9,108.9
TOR,4,2024-10-16,,Los Angeles Kings,6,2,W,,,26,8,2,4,0,,34,8,0,4,0,,27,60,31.0,20,45,30.8,27,22,55.1,32.4,116.9
TOR,5,2024-10-19,,New York Rangers,1,4,L,,,35,4,0,3,0,,29,6,0,2,0,,67,46,59.3,44,37,54.3,21,19,52.5,52.0,88.1
TOR,6,2024-10-21,,Tampa Bay Lightning,5,2,W,,,29,17,1,4,0,,34,13,1,6,0,,52,41,55.9,38,28,57.6,12,19,38.7,27.8,114.0
TOR,7,2024-10-22,@,Columbus Blue Jackets,2,6,L,,,28,12,0,3,0,,38,10,0,4,0,,49,57,46.2,33,45,42.3,27,30,47.4,49.8,88.8
TOR,8,2024-10-24,,St. Louis Blues,1,5,L,,,41,6,0,4,0,,27,10,1,2,0,,68,37,64.8,46,30,60.5,32,17,65.3,63.6,87.3
TOR,9,2024-10-26,@,Boston Bruins,3,4,L,OT,,23,12,0,3,0,,34,8,1,5,0,,52,50,51.0,34,36,48.6,29,12,70.7,43.4,104.3
TOR,10,2024-10-28,@,Winnipeg Jets,6,4,W,,,36,8,0,2,0,,23,4,2,4,0,,48,38,55.8,38,24,61.3,30,13,69.8,55.6,107.5
TOR,11,2024-10-31,,Seattle Kraken,4,1,W,,,30,6,0,2,0,,25,4,0,3,0,,55,44,55.6,34,32,51.5,26,22,54.2,73.9,110.8
TOR,12,2024-11-02,@,St. Louis Blues,2,4,L,,,37,20,0,4,0,,24,20,0,4,0,,58,37,61.1,43,26,62.3,24,13,64.9,47.6,87.0
TOR,13,2024-11-03,@,Minnesota Wild,1,2,L,OT,,28,8,1,2,0,,33,6,0,3,0,,39,64,37.9,29,42,40.8,18,20,47.4,49.7,93.3
TOR,14,2024-11-05,,Boston Bruins,4,0,W,,,27,14,3,7,0,,29,16,0,6,0,,35,37,48.6,27,26,50.9,20,20,50.0,51.7,105.3
TOR,15,2024-11-08,,Detroit Red Wings,3,1,W,,,20,6,2,2,0,,22,4,1,3,0,,45,44,50.6,28,28,50.0,21,21,50.0,48.3,106.3
TOR,16,2024-11-09,,Montreal Canadiens,4,1,W,,,27,6,2,4,1,,21,10,1,2,0,,31,50,38.3,26,31,45.6,29,22,56.9,46.7,105.9
TOR,17,2024-11-12,,Ottawa Senators,0,3,L,,,27,8,0,4,0,,41,10,0,3,0,,41,62,39.8,28,49,36.4,31,25,55.4,45.3,91.9
TOR,18,2024-11-13,@,Washington Capitals,4,3,W,OT,,34,2,1,2,0,,27,4,0,1,0,,61,53,53.5,43,42,50.6,24,26,48.0,52.6,96.6
TOR,19,2024-11-16,,Edmonton Oilers,4,3,W,OT,,22,17,0,4,0,,30,8,1,2,0,,40,61,39.6,25,36,41.0,15,18,45.5,35.0,117.3
TOR,20,2024-11-20,,Vegas Golden Knights,3,0,W,,,26,12,1,2,0,,31,10,0,3,0,,44,59,42.7,32,34,48.5,17,22,43.6,42.9,110.5
CGY,1,2024-10-09,@,Vancouver Canucks,6,5,W,OT,,26,17,1,3,1,,24,15,2,4,0,,51,50,50.5,39,30,56.5,25,27,48.1,57.3,101.6
CGY,2,2024-10-12,,Philadelphia Flyers,6,3,W,,,32,15,2,5,0,,40,27,1,4,1,,46,57,44.7,33,44,42.9,22,25,46.8,38.6,112.1
CGY,3,2024-10-13,@,Edmonton Oilers,4,1,W,,,29,2,0,3,0,,26,6,0,1,0,,58,56,50.9,40,40,50.0,19,25,43.2,37.0,112.2
CGY,4,2024-10-15,,Chicago Blackhawks,3,1,W,,,27,4,1,3,0,,32,6,0,2,0,,45,57,44.1,29,38,43.3,30,29,50.8,45.5,105.5
CGY,5,2024-10-19,@,Seattle Kraken,1,2,L,OT,,22,12,1,3,0,,23,6,1,6,0,,50,44,53.2,38,30,55.9,21,29,42.0,28.7,94.7
CGY,6,2024-10-22,,Pittsburgh Penguins,4,3,W,SO,,25,8,0,4,0,,38,8,1,4,0,,45,52,46.4,25,44,36.2,24,36,40.0,50.0,113.9
CGY,7,2024-10-24,,Carolina Hurricanes,2,4,L,,,32,10,0,2,0,,43,8,1,3,0,,50,65,43.5,34,49,41.0,25,38,39.7,50.2,99.3
CGY,8,2024-10-26,,Winnipeg Jets,3,5,L,,,29,22,0,4,0,,35,12,2,4,1,,59,49,54.6,43,34,55.8,30,28,51.7,37.1,102.7
CGY,9,2024-10-28,@,Vegas Golden Knights,0,5,L,,,16,4,0,1,0,,38,2,0,2,0,,53,61,46.5,27,39,40.9,25,31,44.6,33.3,84.8
CGY,10,2024-10-30,@,Utah Hockey Club,1,5,L,,,31,10,0,3,0,,28,8,2,4,0,,44,50,46.8,31,31,50.0,21,30,41.2,43.8,88.2
CGY,11,2024-11-01,,New Jersey Devils,3,0,W,,,32,13,0,4,0,,22,25,0,3,0,,46,37,55.4,35,22,61.4,27,26,50.9,60.6,111.1
CGY,12,2024-11-03,,Edmonton Oilers,2,4,L,,,31,8,1,2,0,,31,6,1,3,0,,61,49,55.5,38,35,52.1,31,24,56.4,47.5,93.5
CGY,13,2024-11-05,@,Montreal Canadiens,3,2,W,OT,,35,6,0,1,0,,24,2,1,3,1,,70,47,59.8,49,36,57.6,20,32,38.5,48.6,109.1
CGY,14,2024-11-07,@,Boston Bruins,3,4,L,OT,,37,8,1,3,0,,38,10,0,2,0,,56,56,50.0,42,40,51.2,25,31,44.6,45.9,93.4
CGY,15,2024-11-09,@,Buffalo Sabres,2,3,L,SO,,26,6,0,3,0,,19,8,1,2,0,,53,42,55.8,37,30,55.2,24,34,41.4,63.2,102.1
CGY,16,2024-11-11,,Los Angeles Kings,3,1,W,,,28,9,0,2,0,,29,11,0,1,0,,52,76,40.6,34,42,44.7,20,17,54.1,32.0,109.5
CGY,17,2024-11-12,@,Vancouver Canucks,1,3,L,,,29,6,0,2,0,,32,4,1,3,0,,47,44,51.6,32,37,46.4,21,33,38.9,53.7,96.9
CGY,18,2024-11-15,,Nashville Predators,2,0,W,,,33,11,0,4,0,,29,15,0,2,0,,53,59,47.3,40,41,49.4,32,39,45.1,53.1,108.7
CGY,19,2024-11-19,,New York Islanders,2,1,W,SO,,31,6,1,1,0,,29,2,0,3,0,,60,42,58.8,36,35,50.7,22,38,36.7,59.5,96.3
CGY,20,2024-11-21,,New York Rangers,3,2,W,,,49,2,1,5,0,,29,10,0,1,0,,73,47,60.8,58,34,63.0,21,26,44.7,62.2,97.4
MTL,1,2024-10-09,,Toronto Maple Leafs,1,0,W,,,27,8,1,5,0,,48,10,0,4,0,,33,90,26.8,21,70,23.1,7,14,33.3,30.8,100.0
MTL,2,2024-10-10,@,Boston Bruins,4,6,L,,,24,10,1,6,0,,29,12,1,5,0,,46,39,54.1,34,30,53.1,25,20,55.6,46.5,93.1
MTL,3,2024-10-12,,Ottawa Senators,4,1,W,,,26,10,1,4,0,,25,10,0,4,0,,32,47,40.5,21,33,38.9,24,17,58.5,39.0,112.1
MTL,4,2024-10-14,,Pittsburgh Penguins,3,6,L,,,28,4,1,2,0,,30,6,0,1,0,,51,69,42.5,35,48,42.2,15,29,34.1,50.3,89.1
MTL,5,2024-10-17,,Los Angeles Kings,1,4,L,,,27,4,0,5,0,,32,10,0,2,1,,43,57,43.0,31,40,43.7,30,13,69.8,38.2,93.6
MTL,6,2024-10-19,@,New York Islanders,3,4,L,SO,,24,12,1,1,0,,36,2,1,6,0,,43,55,43.9,34,39,46.6,20,20,50.0,29.0,102.4
MTL,7,2024-10-22,,New York Rangers,2,7,L,,,23,25,1,3,0,,45,15,1,3,0,,46,67,40.7,32,53,37.6,21,18,53.8,47.4,87.9
MTL,8,2024-10-26,,St. Louis Blues,5,2,W,,,26,6,1,3,0,,31,6,0,3,0,,53,51,51.0,36,36,50.0,18,21,46.2,48.0,107.7
MTL,9,2024-10-27,@,Philadelphia Flyers,4,3,W,,,24,6,1,2,0,,26,4,0,3,0,,42,60,41.2,30,39,43.5,17,33,34.0,33.7,100.7
MTL,10,2024-10-29,,Seattle Kraken,2,8,L,,,30,26,0,4,0,,23,12,3,6,0,,54,34,61.4,38,22,63.3,21,27,43.8,60.0,75.4
MTL,11,2024-10-31,@,Washington Capitals,3,6,L,,,15,15,1,6,0,,34,17,1,5,0,,29,60,32.6,15,44,25.4,21,18,53.8,36.0,99.2
MTL,12,2024-11-02,@,Pittsburgh Penguins,1,3,L,,,26,13,0,2,0,,24,11,1,2,0,,51,55,48.1,30,32,48.4,18,24,42.9,52.0,94.2
MTL,13,2024-11-05,,Calgary Flames,2,3,L,OT,,24,2,1,3,1,,35,6,0,1,0,,47,69,40.5,36,49,42.4,32,20,61.5,51.4,90.9
MTL,14,2024-11-07,@,New Jersey Devils,3,5,L,,,24,6,0,2,0,,27,4,0,3,0,,47,42,52.8,30,31,49.2,21,20,51.2,42.9,90.3
MTL,15,2024-11-09,@,Toronto Maple Leafs,1,4,L,,,21,10,1,2,0,,27,6,2,4,1,,53,31,63.1,31,26,54.4,22,29,43.1,53.3,94.1
MTL,16,2024-11-11,@,Buffalo Sabres,7,5,W,,,23,10,2,6,0,,18,14,1,4,0,,32,32,50.0,18,20,47.4,17,31,35.4,53.1,93.3
MTL,17,2024-11-14,@,Minnesota Wild,0,3,L,,,19,8,0,3,0,,28,8,1,3,0,,39,36,52.0,24,27,47.1,21,16,56.8,49.6,90.5
MTL,18,2024-11-16,,Columbus Blue Jackets,5,1,W,,,30,13,1,4,0,,26,13,0,4,0,,38,42,47.5,29,30,49.2,26,22,54.2,49.5,111.9
MTL,19,2024-11-18,,Edmonton Oilers,3,0,W,,,25,8,0,2,0,,30,6,0,3,0,,55,44,55.6,40,32,55.6,13,15,46.4,40.6,113.0
SEA,1,2024-10-08,,St. Louis Blues,2,3,L,,,32,13,0,1,0,,25,11,1,2,0,,66,53,55.5,46,38,54.8,29,35,45.3,50.0,98.0
SEA,2,2024-10-12,@,Minnesota Wild,5,4,W,SO,,34,4,1,2,0,,38,4,1,2,0,,49,52,48.5,39,37,51.3,28,27,50.9,34.5,101.3
SEA,3,2024-10-13,@,Dallas Stars,0,2,L,,,25,8,0,4,0,,23,10,0,3,0,,51,40,56.0,38,28,57.6,18,22,45.0,58.4,90.0
SEA,4,2024-10-15,@,Nashville Predators,7,3,W,,,35,6,0,2,0,,33,6,0,2,0,,43,48,47.3,37,32,53.6,19,31,38.0,40.2,112.5
SEA,5,2024-10-17,,Philadelphia Flyers,6,4,W,,,29,17,1,5,0,,25,19,1,4,0,,50,51,49.5,34,35,49.3,17,28,37.8,50.0,109.5
SEA,6,2024-10-19,,Calgary Flames,2,1,W,OT,,23,6,1,6,0,,22,12,1,3,0,,45,47,48.9,30,38,44.1,29,21,58.0,71.3,105.3
SEA,7,2024-10-22,,Colorado Avalanche,2,3,L,,,27,6,1,1,0,,28,2,1,3,0,,63,51,55.3,38,36,51.4,31,17,64.6,52.9,96.7
SEA,8,2024-10-24,,Winnipeg Jets,3,4,L,OT,,32,2,0,2,0,,36,4,0,1,0,,55,50,52.4,42,35,54.5,32,36,47.1,41.2,97.9
SEA,9,2024-10-26,,Carolina Hurricanes,1,4,L,,,19,12,0,3,0,,39,6,1,6,0,,20,66,23.3,15,46,24.6,20,21,48.8,37.5,95.5
SEA,10,2024-10-29,@,Montreal Canadiens,8,2,W,,,23,12,3,6,0,,30,26,0,4,0,,34,52,39.5,22,38,36.7,27,21,56.3,40.0,124.6
SEA,11,2024-10-31,@,Toronto Maple Leafs,1,4,L,,,25,4,0,3,0,,30,6,0,2,0,,45,55,45.0,32,34,48.5,22,26,45.8,26.1,89.2
SEA,12,2024-11-02,@,Ottawa Senators,0,3,L,,,22,6,0,4,0,,23,8,0,3,0,,46,37,55.4,32,24,57.1,15,20,42.9,75.4,81.3
SEA,13,2024-11-03,@,Boston Bruins,0,2,L,,,23,15,0,3,0,,33,11,1,5,0,,49,50,49.5,29,40,42.0,16,25,39.0,61.3,95.8
SEA,14,2024-11-05,@,Colorado Avalanche,3,6,L,,,20,20,1,3,0,,32,6,3,5,0,,49,40,55.1,27,27,50.0,18,14,56.3,55.8,96.7
SEA,15,2024-11-08,,Vegas Golden Knights,4,3,W,OT,,32,8,0,1,0,,24,2,1,4,0,,48,42,53.3,39,29,57.4,24,20,54.5,41.9,104.3
SEA,16,2024-11-12,,Columbus Blue Jackets,5,2,W,,,33,2,1,3,0,,40,6,0,1,0,,54,68,44.3,41,54,43.2,24,26,48.0,51.3,108.4
SEA,17,2024-11-14,,Chicago Blackhawks,3,1,W,,,26,2,1,3,0,,19,6,0,1,0,,62,35,63.9,46,26,63.9,27,24,52.9,48.3,103.5
SEA,18,2024-11-16,,New York Islanders,3,2,W,,,27,2,0,4,0,,24,8,0,1,1,,50,46,52.1,36,39,48.0,21,24,46.7,57.1,109.3
SEA,19,2024-11-17,,New York Rangers,0,2,L,,,24,0,0,1,0,,23,2,0,0,0,,61,55,52.6,40,38,51.3,20,26,43.5,54.8,90.9
SEA,20,2024-11-20,,Nashville Predators,3,0,W,,,37,6,0,4,0,,24,8,0,3,0,,45,63,41.7,34,42,44.7,16,26,38.1,30.8,111.5
