Game ID,Home Team,Away Team,Player,iCF,SAT‑F,SAT‑A,CF%,CRel%,ZSO,ZSD,oZS%,HIT,BLK,Player ID
202410230WSH,WSH,PHI,Noah Cates,1.0,14,18,43.8,-11.3,1.0,5.0,16.7,4,1,
202410230WSH,WSH,PHI,Sean Couturier,5.0,16,11,59.3,9.9,11.0,5.0,68.8,2,0,
202410230WSH,WSH,PHI,Nicolas Deslauriers,2.0,14,2,87.5,41.8,0.0,0.0,,3,0,
202410230WSH,WSH,PHI,Jamie Drysdale,1.0,18,16,52.9,1.6,12.0,3.0,80.0,0,3,
202410230WSH,WSH,PHI,Joel Farabee,1.0,6,6,50.0,-2.0,1.0,4.0,20.0,3,0,
202410230WSH,WSH,PHI,Tyson Foerster,1.0,8,13,38.1,-17.0,3.0,9.0,25.0,2,0,
202410230WSH,WSH,PHI,Morgan Frost,9.0,24,13,64.9,19.7,10.0,2.0,83.3,2,0,
202410230WSH,WSH,PHI,Garnet Hathaway,4.0,16,11,59.3,9.9,3.0,6.0,33.3,2,0,
202410230WSH,WSH,PHI,Travis Konecny,6.0,22,19,53.7,3.0,13.0,2.0,86.7,3,0,
202410230WSH,WSH,PHI,Scott Laughton,4.0,16,16,50.0,-2.6,8.0,1.0,88.9,3,0,
202410230WSH,WSH,PHI,Matvei Michkov,6.0,22,18,55.0,5.0,12.0,5.0,70.6,1,0,
202410230WSH,WSH,PHI,Ryan Poehling,0.0,6,14,30.0,-26.7,0.0,9.0,0.0,3,3,
202410230WSH,WSH,PHI,Rasmus Ristolainen,2.0,11,18,37.9,-18.9,1.0,8.0,11.1,0,0,
202410230WSH,WSH,PHI,Travis Sanheim,6.0,28,18,60.9,15.6,6.0,9.0,40.0,2,2,
202410230WSH,WSH,PHI,Nick Seeler,2.0,12,12,50.0,-2.3,2.0,5.0,28.6,1,1,
202410230WSH,WSH,PHI,Owen Tippett,3.0,14,12,53.8,2.6,6.0,8.0,42.9,0,0,
202410230WSH,WSH,PHI,Cameron York,2.0,26,19,57.8,10.1,6.0,9.0,40.0,1,0,
202410230WSH,WSH,PHI,Yegor Zamula,2.0,12,21,36.4,-22.0,6.0,5.0,54.5,0,1,
202410230WSH,WSH,PHI,TOTAL,,57,52,52.3,,,,50.9,32,11,
202410230WSH,WSH,PHI,John Carlson,8.0,30,20,60.0,21.7,14.0,9.0,60.9,3,1,
202410230WSH,WSH,PHI,Jakob Chychrun,3.0,13,19,40.6,-10.7,7.0,5.0,58.3,0,1,
202410230WSH,WSH,PHI,Nic Dowd,3.0,11,11,50.0,2.3,2.0,11.0,15.4,1,0,
202410230WSH,WSH,PHI,Pierre-Luc Dubois,5.0,16,12,57.1,12.0,9.0,2.0,81.8,1,1,
202410230WSH,WSH,PHI,Brandon Duhaime,2.0,13,19,40.6,-10.7,2.0,10.0,16.7,1,0,
202410230WSH,WSH,PHI,Martin FehÃ©rvÃ¡ry,1.0,15,19,44.1,-5.9,3.0,12.0,20.0,2,1,
202410230WSH,WSH,PHI,Hendrix Lapierre,2.0,12,13,48.0,-0.2,5.0,2.0,71.4,1,1,
202410230WSH,WSH,PHI,Andrew Mangiapane,2.0,12,12,50.0,2.3,6.0,2.0,75.0,0,2,
202410230WSH,WSH,PHI,Dylan McIlrath,0.0,5,15,25.0,-28.3,1.0,4.0,20.0,3,0,
202410230WSH,WSH,PHI,Connor McMichael,3.0,10,17,37.0,-14.8,4.0,3.0,57.1,0,0,
202410230WSH,WSH,PHI,Alex Ovechkin,7.0,22,10,68.8,29.1,8.0,4.0,66.7,2,0,
202410230WSH,WSH,PHI,Aliaksei Protas,2.0,12,12,50.0,2.3,3.0,1.0,75.0,0,0,
202410230WSH,WSH,PHI,Taylor Raddysh,3.0,14,12,53.8,7.4,2.0,8.0,20.0,0,0,
202410230WSH,WSH,PHI,Rasmus Sandin,6.0,21,20,51.2,4.8,5.0,3.0,62.5,0,5,
202410230WSH,WSH,PHI,Dylan Strome,1.0,21,13,61.8,19.7,8.0,4.0,66.7,0,3,
202410230WSH,WSH,PHI,Trevor van Riemsdyk,3.0,12,20,37.5,-15.1,5.0,7.0,41.7,0,3,
202410230WSH,WSH,PHI,Jakub VrÃ¡na,2.0,11,15,42.3,-7.7,5.0,3.0,62.5,1,1,
202410230WSH,WSH,PHI,Tom Wilson,0.0,15,17,46.9,-1.8,10.0,4.0,71.4,1,1,
202410230WSH,WSH,PHI,TOTAL,,53,55,49.1,,,,51.1,16,20,
202410240BOS,BOS,DAL,Oskar Back,2.0,8,13,38.1,-13.5,4.0,1.0,80.0,4,0,
202410240BOS,BOS,DAL,Jamie Benn,0.0,13,15,46.4,-3.6,10.0,2.0,83.3,1,1,
202410240BOS,BOS,DAL,Colin Blackwell,0.0,8,13,38.1,-13.5,3.0,3.0,50.0,1,0,
202410240BOS,BOS,DAL,Evgenii Dadonov,3.0,11,11,50.0,1.1,3.0,2.0,60.0,1,0,
202410240BOS,BOS,DAL,Matt Duchene,2.0,13,12,52.0,3.7,7.0,5.0,58.3,1,0,
202410240BOS,BOS,DAL,Mathew Dumba,1.0,9,17,34.6,-18.9,6.0,9.0,40.0,2,0,
202410240BOS,BOS,DAL,Thomas Harley,6.0,24,21,53.3,7.0,9.0,6.0,60.0,1,2,
202410240BOS,BOS,DAL,Miro Heiskanen,2.0,18,20,47.4,-2.6,10.0,10.0,50.0,0,0,
202410240BOS,BOS,DAL,Roope Hintz,6.0,24,16,60.0,16.9,8.0,8.0,50.0,0,1,
202410240BOS,BOS,DAL,Wyatt Johnston,6.0,16,16,50.0,1.2,11.0,3.0,78.6,0,1,
202410240BOS,BOS,DAL,Esa Lindell,5.0,19,23,45.2,-6.2,4.0,7.0,36.4,1,1,
202410240BOS,BOS,DAL,Nils Lundkvist,5.0,15,13,53.6,6.0,5.0,1.0,83.3,1,0,
202410240BOS,BOS,DAL,Ilya Lyubushkin,3.0,17,20,45.9,-4.8,6.0,3.0,66.7,0,1,
202410240BOS,BOS,DAL,Mason Marchment,2.0,14,11,56.0,8.9,7.0,4.0,63.6,4,0,
202410240BOS,BOS,DAL,Jason Robertson,4.0,23,16,59.0,15.2,8.0,6.0,57.1,1,1,
202410240BOS,BOS,DAL,Tyler Seguin,2.0,14,16,46.7,-3.3,7.0,7.0,50.0,0,1,
202410240BOS,BOS,DAL,Logan Stankoven,4.0,15,10,60.0,14.0,2.0,5.0,28.6,0,0,
202410240BOS,BOS,DAL,Sam Steel,2.0,8,10,44.4,-5.6,3.0,2.0,60.0,0,0,
202410240BOS,BOS,DAL,TOTAL,,55,55,50.0,,,,57.1,18,9,
202410240BOS,BOS,DAL,John Beecher,1.0,8,12,40.0,-13.3,1.0,12.0,7.7,2,1,
202410240BOS,BOS,DAL,Justin Brazeau,3.0,16,5,76.2,31.1,4.0,5.0,44.4,1,0,
202410240BOS,BOS,DAL,Brandon Carlo,3.0,17,18,48.6,-3.3,3.0,8.0,27.3,0,2,
202410240BOS,BOS,DAL,Charlie Coyle,4.0,16,16,50.0,-1.2,5.0,7.0,41.7,2,1,
202410240BOS,BOS,DAL,Trent Frederic,1.0,13,9,59.1,10.2,5.0,3.0,62.5,4,0,
202410240BOS,BOS,DAL,Morgan Geekie,4.0,12,15,44.4,-8.5,5.0,3.0,62.5,1,2,
202410240BOS,BOS,DAL,Mark Kastelic,3.0,9,10,47.4,-4.2,1.0,9.0,10.0,5,0,
202410240BOS,BOS,DAL,Cole Koepke,2.0,8,12,40.0,-13.3,2.0,7.0,22.2,2,0,
202410240BOS,BOS,DAL,Elias Lindholm,3.0,23,16,59.0,12.4,9.0,5.0,64.3,1,1,
202410240BOS,BOS,DAL,Hampus Lindholm,3.0,17,19,47.2,-5.4,9.0,6.0,60.0,0,3,
202410240BOS,BOS,DAL,Brad Marchand,7.0,25,17,59.5,13.8,9.0,3.0,75.0,1,0,
202410240BOS,BOS,DAL,Charlie McAvoy,3.0,21,22,48.8,-3.4,10.0,3.0,76.9,2,0,
202410240BOS,BOS,DAL,David PastrÅÃ¡k,13.0,26,19,57.8,11.5,9.0,3.0,75.0,3,1,
202410240BOS,BOS,DAL,Andrew Peeke,3.0,14,11,56.0,6.6,1.0,9.0,10.0,0,0,
202410240BOS,BOS,DAL,Matthew Poitras,2.0,10,12,45.5,-6.7,4.0,2.0,66.7,0,0,
202410240BOS,BOS,DAL,Parker Wotherspoon,0.0,13,12,52.0,1.4,3.0,10.0,23.1,1,0,
202410240BOS,BOS,DAL,Pavel Zacha,1.0,19,19,50.0,-1.4,7.0,6.0,53.8,0,0,
202410240BOS,BOS,DAL,Nikita Zadorov,1.0,20,23,46.5,-7.1,5.0,8.0,38.5,4,3,
202410240BOS,BOS,DAL,TOTAL,,57,55,50.9,,,,44.8,29,14,
202410240TOR,TOR,STL,Philip Broberg,3.0,13,38,25.5,-13.5,5.0,10.0,33.3,2,2,
202410240TOR,TOR,STL,Pavel Buchnevich,4.0,16,15,51.6,23.8,6.0,7.0,46.2,0,0,
202410240TOR,TOR,STL,Radek Faksa,1.0,1,23,4.2,-36.2,1.0,2.0,33.3,2,1,
202410240TOR,TOR,STL,Justin Faulk,2.0,16,35,31.4,-3.7,6.0,10.0,37.5,2,5,
202410240TOR,TOR,STL,Dylan Holloway,5.0,15,27,35.7,3.1,5.0,6.0,45.5,1,1,
202410240TOR,TOR,STL,Mathieu Joseph,1.0,9,18,33.3,-0.4,3.0,5.0,37.5,3,1,
202410240TOR,TOR,STL,Pierre-Olivier Joseph,1.0,5,11,31.2,-2.7,2.0,4.0,33.3,1,0,
202410240TOR,TOR,STL,Kasperi Kapanen,2.0,9,9,50.0,19.1,3.0,4.0,42.9,0,1,
202410240TOR,TOR,STL,Jordan Kyrou,4.0,14,16,46.7,17.1,6.0,5.0,54.5,1,1,
202410240TOR,TOR,STL,Jake Neighbours,3.0,16,29,35.6,3.1,4.0,9.0,30.8,5,2,
202410240TOR,TOR,STL,Colton Parayko,2.0,19,41,31.7,-3.6,5.0,16.0,23.8,3,7,
202410240TOR,TOR,STL,Scott Perunovich,0.0,10,8,55.6,25.6,4.0,2.0,66.7,0,0,
202410240TOR,TOR,STL,Brandon Saad,2.0,15,21,41.7,11.3,5.0,9.0,35.7,0,0,
202410240TOR,TOR,STL,Brayden Schenn,5.0,15,21,41.7,11.3,4.0,15.0,21.1,0,0,
202410240TOR,TOR,STL,Oskar Sundqvist,0.0,5,14,26.3,-8.6,3.0,8.0,27.3,1,0,
202410240TOR,TOR,STL,Ryan Suter,2.0,18,37,32.7,-1.5,5.0,14.0,26.3,0,0,
202410240TOR,TOR,STL,Alexandre Texier,5.0,15,20,42.9,12.8,7.0,5.0,58.3,0,0,
202410240TOR,TOR,STL,Alexey Toropchenko,1.0,3,22,12.0,-26.8,1.0,2.0,33.3,3,2,
202410240TOR,TOR,STL,TOTAL,,43,84,33.9,,,,35.9,24,23,
202410240TOR,TOR,STL,Simon Benoit,3.0,18,14,56.2,-13.6,2.0,7.0,22.2,3,2,
202410240TOR,TOR,STL,Max Domi,5.0,23,6,79.3,16.7,5.0,2.0,71.4,0,0,
202410240TOR,TOR,STL,Oliver Ekman-Larsson,5.0,36,13,73.5,11.5,15.0,1.0,93.8,1,0,
202410240TOR,TOR,STL,Pontus Holmberg,2.0,11,9,55.0,-13.5,1.0,2.0,33.3,0,0,
202410240TOR,TOR,STL,David KÃ¤mpf,2.0,10,11,47.6,-22.5,1.0,3.0,25.0,2,0,
202410240TOR,TOR,STL,Matthew Knies,1.0,22,12,64.7,-2.3,8.0,5.0,61.5,1,0,
202410240TOR,TOR,STL,Steven Lorentz,2.0,17,7,70.8,5.4,3.0,3.0,50.0,3,0,
202410240TOR,TOR,STL,Mitch Marner,5.0,27,17,61.4,-7.6,15.0,7.0,68.2,0,0,
202410240TOR,TOR,STL,Auston Matthews,10.0,31,19,62.0,-7.2,15.0,8.0,65.2,1,0,
202410240TOR,TOR,STL,Jake McCabe,6.0,22,16,57.9,-12.1,9.0,5.0,64.3,4,0,
202410240TOR,TOR,STL,Bobby McMann,4.0,16,7,69.6,3.9,5.0,2.0,71.4,2,0,
202410240TOR,TOR,STL,William Nylander,8.0,37,11,77.1,17.1,16.0,3.0,84.2,1,0,
202410240TOR,TOR,STL,Ryan Reaves,2.0,11,6,64.7,-2.0,1.0,1.0,50.0,2,0,
202410240TOR,TOR,STL,Morgan Rielly,8.0,34,14,70.8,7.1,13.0,3.0,81.3,0,2,
202410240TOR,TOR,STL,Nicholas Robertson,7.0,31,9,77.5,16.1,7.0,3.0,70.0,0,0,
202410240TOR,TOR,STL,Chris Tanev,4.0,25,15,62.5,-5.7,7.0,9.0,43.8,0,3,
202410240TOR,TOR,STL,John Tavares,8.0,37,9,80.4,21.9,13.0,3.0,81.3,0,1,
202410240TOR,TOR,STL,Conor Timmins,3.0,18,14,56.2,-13.6,5.0,5.0,50.0,1,0,
202410240TOR,TOR,STL,TOTAL,,85,43,66.4,,,,65.9,21,8,
202410240DET,DET,NJD,Nathan Bastian,0.0,11,12,47.8,-18.6,0.0,3.0,0.0,2,1,
202410240DET,DET,NJD,Jesper Bratt,7.0,36,12,75.0,18.9,10.0,1.0,90.9,2,2,
202410240DET,DET,NJD,Paul Cotter,4.0,18,9,66.7,4.6,4.0,4.0,50.0,5,0,
202410240DET,DET,NJD,Brenden Dillon,2.0,26,15,63.4,0.5,4.0,6.0,40.0,3,0,
202410240DET,DET,NJD,Dougie Hamilton,14.0,46,15,75.4,23.2,14.0,2.0,87.5,1,2,
202410240DET,DET,NJD,Erik Haula,2.0,12,9,57.1,-7.1,5.0,4.0,55.6,3,1,
202410240DET,DET,NJD,Nico Hischier,13.0,31,16,66.0,4.6,13.0,9.0,59.1,0,0,
202410240DET,DET,NJD,Jack Hughes,16.0,50,13,79.4,31.6,10.0,1.0,90.9,0,0,
202410240DET,DET,NJD,Luke Hughes,0.0,16,16,50.0,-17.3,5.0,4.0,55.6,0,1,
202410240DET,DET,NJD,Johnathan Kovacevic,4.0,22,13,62.9,-0.3,2.0,5.0,28.6,1,1,
202410240DET,DET,NJD,Curtis Lazar,2.0,9,10,47.4,-18.4,0.0,2.0,0.0,5,2,
202410240DET,DET,NJD,Timo Meier,4.0,24,13,64.9,2.5,7.0,6.0,53.8,3,0,
202410240DET,DET,NJD,Dawson Mercer,1.0,19,16,54.3,-12.0,7.0,9.0,43.8,0,1,
202410240DET,DET,NJD,Stefan Noesen,2.0,24,9,72.7,12.9,10.0,3.0,76.9,5,0,
202410240DET,DET,NJD,OndÅej PalÃ¡t,3.0,20,10,66.7,4.7,3.0,1.0,75.0,1,1,
202410240DET,DET,NJD,Brett Pesce,4.0,15,18,45.5,-23.6,4.0,9.0,30.8,1,0,
202410240DET,DET,NJD,Jonas Siegenthaler,3.0,23,18,56.1,-10.2,6.0,6.0,50.0,4,2,
202410240DET,DET,NJD,TomÃ¡Å¡ Tatar,1.0,13,7,65.0,2.3,1.0,1.0,50.0,1,0,
202410240DET,DET,NJD,TOTAL,,82,47,63.6,,,,57.8,37,14,
202410240DET,DET,NJD,Jonatan Berggren,3.0,10,17,37.0,0.1,2.0,1.0,66.7,0,0,
202410240DET,DET,NJD,Ben Chiarot,3.0,7,27,20.6,-22.1,5.0,6.0,45.5,1,3,
202410240DET,DET,NJD,Andrew Copp,3.0,10,15,40.0,3.8,5.0,7.0,41.7,1,1,
202410240DET,DET,NJD,Alex DeBrincat,9.0,24,12,66.7,41.2,8.0,5.0,61.5,0,0,
202410240DET,DET,NJD,Simon Edvinsson,1.0,8,38,17.4,-30.2,2.0,7.0,22.2,1,4,
202410240DET,DET,NJD,Christian Fischer,1.0,9,12,42.9,7.1,3.0,5.0,37.5,4,0,
202410240DET,DET,NJD,Erik Gustafsson,2.0,14,9,60.9,29.1,6.0,3.0,66.7,1,0,
202410240DET,DET,NJD,Justin Holl,2.0,14,12,53.8,21.1,4.0,6.0,40.0,2,0,
202410240DET,DET,NJD,Patrick Kane,4.0,19,30,38.8,3.0,7.0,3.0,70.0,1,0,
202410240DET,DET,NJD,Marco Kasper,1.0,5,36,12.2,-36.1,2.0,4.0,33.3,2,3,
202410240DET,DET,NJD,Dylan Larkin,8.0,30,22,57.7,34.6,8.0,9.0,47.1,1,0,
202410240DET,DET,NJD,Olli MÃ¤Ã¤ttÃ¤,1.0,21,11,65.6,38.0,5.0,5.0,50.0,0,0,
202410240DET,DET,NJD,Jeff Petry,2.0,9,21,30.0,-9.0,5.0,8.0,38.5,0,2,
202410240DET,DET,NJD,Michael Rasmussen,1.0,10,18,35.7,-1.6,3.0,8.0,27.3,2,0,
202410240DET,DET,NJD,Lucas Raymond,1.0,24,20,54.5,26.6,7.0,8.0,46.7,1,0,
202410240DET,DET,NJD,Moritz Seider,2.0,13,45,22.4,-26.2,2.0,7.0,22.2,7,3,
202410240DET,DET,NJD,Vladimir Tarasenko,2.0,7,29,19.4,-24.2,4.0,2.0,66.7,0,0,
202410240DET,DET,NJD,Joe Veleno,2.0,6,20,23.1,-17.3,2.0,3.0,40.0,0,0,
202410240DET,DET,NJD,TOTAL,,48,74,39.3,,,,44.9,24,16,
202410240TBL,TBL,MIN,Zach Bogosian,5.0,21,15,58.3,19.8,5.0,5.0,50.0,2,2,
202410240TBL,TBL,MIN,Matt Boldy,7.0,22,13,62.9,26.5,7.0,8.0,46.7,0,2,
202410240TBL,TBL,MIN,Jonas Brodin,3.0,20,16,55.6,15.6,7.0,6.0,53.8,0,0,
202410240TBL,TBL,MIN,Declan Chisholm,1.0,5,16,23.8,-27.4,2.0,3.0,40.0,2,1,
202410240TBL,TBL,MIN,Joel Eriksson Ek,4.0,20,15,57.1,17.7,7.0,9.0,43.8,2,0,
202410240TBL,TBL,MIN,Brock Faber,1.0,20,23,46.5,1.7,9.0,6.0,60.0,1,1,
202410240TBL,TBL,MIN,Marcus Foligno,1.0,7,10,41.2,-5.2,1.0,1.0,50.0,7,0,
202410240TBL,TBL,MIN,FrÃ©dÃ©rick Gaudreau,0.0,8,14,36.4,-11.7,2.0,1.0,66.7,1,1,
202410240TBL,TBL,MIN,Marcus Johansson,2.0,17,17,50.0,6.7,5.0,8.0,38.5,0,1,
202410240TBL,TBL,MIN,Kirill Kaprizov,7.0,25,13,65.8,32.5,11.0,1.0,91.7,0,0,
202410240TBL,TBL,MIN,Marat Khusnutdinov,0.0,1,16,5.9,-47.7,0.0,3.0,0.0,1,2,
202410240TBL,TBL,MIN,Jakub Lauko,0.0,1,15,6.2,-46.7,0.0,3.0,0.0,4,2,
202410240TBL,TBL,MIN,Jonathon Merrill,0.0,6,12,33.3,-14.9,2.0,3.0,40.0,0,0,
202410240TBL,TBL,MIN,Jacob Middleton,2.0,12,24,33.3,-19.0,4.0,5.0,44.4,3,4,
202410240TBL,TBL,MIN,Liam Ohgren,1.0,3,13,18.8,-31.8,1.0,3.0,25.0,2,0,
202410240TBL,TBL,MIN,Marco Rossi,3.0,14,10,58.3,16.7,9.0,1.0,90.0,1,1,
202410240TBL,TBL,MIN,Yakov Trenin,3.0,6,16,27.3,-23.3,1.0,2.0,33.3,3,1,
202410240TBL,TBL,MIN,Mats Zuccarello,6.0,20,11,64.5,27.4,11.0,0.0,100.0,0,1,
202410240TBL,TBL,MIN,TOTAL,,46,53,46.5,,,,55.2,29,19,
202410240TBL,TBL,MIN,Cam Atkinson,2.0,8,2,80.0,28.4,1.0,1.0,50.0,0,0,
202410240TBL,TBL,MIN,Erik ÄernÃ¡k,3.0,13,21,38.2,-24.5,3.0,9.0,25.0,2,1,
202410240TBL,TBL,MIN,Mitchell Chaffee,0.0,15,5,75.0,25.6,2.0,3.0,40.0,2,1,
202410240TBL,TBL,MIN,Anthony Cirelli,2.0,15,22,40.5,-22.0,5.0,7.0,41.7,0,0,
202410240TBL,TBL,MIN,Michael Eyssimont,3.0,12,4,75.0,24.4,1.0,3.0,25.0,1,2,
202410240TBL,TBL,MIN,Conor Geekie,6.0,11,10,52.4,-2.6,8.0,3.0,72.7,1,0,
202410240TBL,TBL,MIN,Zemgus Girgensons,3.0,11,5,68.8,17.0,1.0,1.0,50.0,2,0,
202410240TBL,TBL,MIN,Luke Glendening,3.0,8,3,72.7,20.5,1.0,2.0,33.3,1,0,
202410240TBL,TBL,MIN,Jake Guentzel,1.0,16,16,50.0,-6.5,7.0,4.0,63.6,0,2,
202410240TBL,TBL,MIN,Brandon Hagel,4.0,16,25,39.0,-26.0,6.0,7.0,46.2,0,0,
202410240TBL,TBL,MIN,Victor Hedman,10.0,20,17,54.1,-0.6,7.0,5.0,58.3,0,4,
202410240TBL,TBL,MIN,Nikita Kucherov,3.0,18,17,51.4,-4.7,4.0,4.0,50.0,1,0,
202410240TBL,TBL,MIN,Emil Martinsen Lilleberg,3.0,18,9,66.7,16.7,4.0,3.0,57.1,1,1,
202410240TBL,TBL,MIN,Ryan McDonagh,2.0,13,23,36.1,-28.5,3.0,11.0,21.4,1,2,
202410240TBL,TBL,MIN,J.J. Moser,5.0,24,14,63.2,14.0,5.0,5.0,50.0,0,0,
202410240TBL,TBL,MIN,Nick Paul,3.0,16,10,61.5,9.5,1.0,6.0,14.3,0,0,
202410240TBL,TBL,MIN,Nicklaus Perbix,1.0,18,3,85.7,39.5,4.0,1.0,80.0,1,1,
202410240TBL,TBL,MIN,Brayden Point,1.0,16,19,45.7,-13.4,7.0,4.0,63.6,1,2,
202410240TBL,TBL,MIN,TOTAL,,55,45,55.0,,,,46.7,14,16,
202410240NYR,NYR,FLA,Uvis Balinskis,4.0,10,9,52.6,-0.1,4.0,3.0,57.1,2,2,
202410240NYR,NYR,FLA,Sam Bennett,5.0,16,12,57.1,5.9,4.0,3.0,57.1,1,1,
202410240NYR,NYR,FLA,Adam Boqvist,1.0,12,10,54.5,2.2,2.0,2.0,50.0,0,1,
202410240NYR,NYR,FLA,Jesper Boqvist,6.0,17,15,53.1,0.5,1.0,3.0,25.0,4,0,
202410240NYR,NYR,FLA,Aaron Ekblad,3.0,21,23,47.7,-8.4,7.0,14.0,33.3,3,3,
202410240NYR,NYR,FLA,Gustav Forsling,3.0,26,24,52.0,-1.3,5.0,11.0,31.3,2,1,
202410240NYR,NYR,FLA,Patrick Giles,0.0,7,10,41.2,-13.6,2.0,3.0,40.0,2,1,
202410240NYR,NYR,FLA,A.J. Greer,4.0,14,8,63.6,13.6,2.0,4.0,33.3,4,0,
202410240NYR,NYR,FLA,Dmitry Kulikov,2.0,20,19,51.3,-2.2,4.0,6.0,40.0,2,1,
202410240NYR,NYR,FLA,Anton Lundell,3.0,18,17,51.4,-1.9,6.0,11.0,35.3,0,0,
202410240NYR,NYR,FLA,Eetu Luostarinen,3.0,13,17,43.3,-12.9,6.0,11.0,35.3,5,0,
202410240NYR,NYR,FLA,Niko Mikkola,0.0,16,17,48.5,-6.0,4.0,4.0,50.0,0,1,
202410240NYR,NYR,FLA,Sam Reinhart,4.0,14,11,56.0,4.2,6.0,4.0,60.0,1,2,
202410240NYR,NYR,FLA,Evan Rodrigues,1.0,18,13,58.1,7.5,3.0,4.0,42.9,3,0,
202410240NYR,NYR,FLA,Mackie Samoskevich,1.0,7,11,38.9,-16.5,1.0,3.0,25.0,0,0,
202410240NYR,NYR,FLA,Nate Schmidt,2.0,14,9,60.9,10.3,0.0,2.0,0.0,1,0,
202410240NYR,NYR,FLA,Matthew Tkachuk,6.0,21,13,61.8,13.1,4.0,2.0,66.7,2,0,
202410240NYR,NYR,FLA,Carter Verhaeghe,10.0,22,13,62.9,14.9,4.0,3.0,57.1,0,0,
202410240NYR,NYR,FLA,TOTAL,,58,51,53.2,,,,40.8,32,13,
202410240NYR,NYR,FLA,Jonny Brodzinski,3.0,5,9,35.7,-13.3,0.0,3.0,0.0,0,0,
202410240NYR,NYR,FLA,Sam Carrick,0.0,3,9,25.0,-25.0,1.0,5.0,16.7,5,0,
202410240NYR,NYR,FLA,Filip Chytil,4.0,10,19,34.5,-17.4,3.0,4.0,42.9,0,0,
202410240NYR,NYR,FLA,William Cuylle,0.0,10,16,38.5,-11.5,6.0,4.0,60.0,3,0,
202410240NYR,NYR,FLA,Adam Edstrom,0.0,3,8,27.3,-22.2,0.0,3.0,0.0,1,1,
202410240NYR,NYR,FLA,Adam Fox,4.0,32,19,62.7,28.8,15.0,2.0,88.2,2,1,
202410240NYR,NYR,FLA,Kaapo Kakko,2.0,8,19,29.6,-23.4,3.0,3.0,50.0,1,0,
202410240NYR,NYR,FLA,Chris Kreider,5.0,21,14,60.0,18.7,10.0,3.0,76.9,2,0,
202410240NYR,NYR,FLA,Alexis LafreniÃ¨re,6.0,25,12,67.6,30.6,10.0,1.0,90.9,3,0,
202410240NYR,NYR,FLA,Ryan Lindgren,3.0,5,22,18.5,-38.1,3.0,10.0,23.1,1,3,
202410240NYR,NYR,FLA,Vittorio Mancini,2.0,6,23,20.7,-36.1,2.0,6.0,25.0,0,4,
202410240NYR,NYR,FLA,K'Andre Miller,6.0,28,21,57.1,17.8,8.0,6.0,57.1,2,1,
202410240NYR,NYR,FLA,Artemi Panarin,9.0,32,19,62.7,28.8,11.0,2.0,84.6,0,0,
202410240NYR,NYR,FLA,Braden Schneider,4.0,10,17,37.0,-13.6,1.0,1.0,50.0,0,0,
202410240NYR,NYR,FLA,Reilly Smith,0.0,9,16,36.0,-14.6,3.0,2.0,60.0,1,1,
202410240NYR,NYR,FLA,Vincent Trocheck,2.0,30,16,65.2,30.8,14.0,2.0,87.5,6,1,
202410240NYR,NYR,FLA,Jacob Trouba,2.0,10,11,47.6,0.4,2.0,1.0,66.7,2,1,
202410240NYR,NYR,FLA,Mika Zibanejad,0.0,19,17,52.8,8.2,10.0,3.0,76.9,0,0,
202410240NYR,NYR,FLA,TOTAL,,52,57,47.7,,,,61.7,29,13,
202410240CGY,CGY,CAR,Sebastian Aho,5.0,34,22,60.7,4.7,11.0,9.0,55.0,0,1,
202410240CGY,CGY,CAR,Jackson Blake,2.0,12,7,63.2,6.2,5.0,1.0,83.3,0,0,
202410240CGY,CGY,CAR,Brent Burns,4.0,27,19,58.7,1.3,10.0,11.0,47.6,0,1,
202410240CGY,CGY,CAR,William Carrier,3.0,13,6,68.4,12.2,5.0,1.0,83.3,5,0,
202410240CGY,CGY,CAR,Jalen Chatfield,6.0,23,21,52.3,-8.1,7.0,7.0,50.0,2,2,
202410240CGY,CGY,CAR,Jack Drury,3.0,14,6,70.0,14.2,5.0,1.0,83.3,1,0,
202410240CGY,CGY,CAR,Shayne Gostisbehere,9.0,31,15,67.4,14.2,9.0,9.0,50.0,0,1,
202410240CGY,CGY,CAR,Seth Jarvis,8.0,23,22,51.1,-10.0,5.0,10.0,33.3,1,1,
202410240CGY,CGY,CAR,Jesperi Kotkaniemi,4.0,19,13,59.4,2.0,8.0,6.0,57.1,0,1,
202410240CGY,CGY,CAR,Jordan Martinook,0.0,16,19,45.7,-16.2,2.0,11.0,15.4,2,2,
202410240CGY,CGY,CAR,Martin NeÄas,8.0,29,15,65.9,11.7,12.0,5.0,70.6,0,0,
202410240CGY,CGY,CAR,Dmitry Orlov,4.0,22,22,50.0,-11.5,7.0,8.0,46.7,2,1,
202410240CGY,CGY,CAR,Eric Robinson,5.0,15,15,50.0,-10.0,8.0,6.0,57.1,2,0,
202410240CGY,CGY,CAR,Jack Roslovic,6.0,22,12,64.7,9.0,6.0,7.0,46.2,0,1,
202410240CGY,CGY,CAR,Jaccob Slavin,3.0,28,19,59.6,2.6,10.0,10.0,50.0,0,0,
202410240CGY,CGY,CAR,Jordan Staal,3.0,13,17,43.3,-18.5,2.0,11.0,15.4,1,1,
202410240CGY,CGY,CAR,Andrei Svechnikov,7.0,38,15,71.7,22.3,11.0,8.0,57.9,1,1,
202410240CGY,CGY,CAR,Sean Walker,1.0,20,21,48.8,-12.8,5.0,9.0,35.7,0,2,
202410240CGY,CGY,CAR,TOTAL,,81,56,59.1,,,,49.5,17,15,
202410240CGY,CGY,CAR,Rasmus Andersson,6.0,25,40,38.5,-6.8,9.0,10.0,47.4,0,1,
202410240CGY,CGY,CAR,Mikael Backlund,7.0,20,26,43.5,2.0,10.0,10.0,50.0,1,0,
202410240CGY,CGY,CAR,Kevin Bahl,1.0,18,35,34.0,-13.1,8.0,11.0,42.1,0,2,
202410240CGY,CGY,CAR,Jake Bean,4.0,16,22,42.1,-0.1,4.0,6.0,40.0,0,1,
202410240CGY,CGY,CAR,Blake Coleman,3.0,22,21,51.2,13.1,12.0,9.0,57.1,4,2,
202410240CGY,CGY,CAR,Matthew Coronato,2.0,5,12,29.4,-14.5,3.0,9.0,25.0,2,0,
202410240CGY,CGY,CAR,Jonathan Huberdeau,2.0,16,17,48.5,8.3,9.0,6.0,60.0,0,1,
202410240CGY,CGY,CAR,Nazem Kadri,11.0,30,23,56.6,23.3,14.0,3.0,82.4,1,0,
202410240CGY,CGY,CAR,Justin Kirkland,1.0,7,18,28.0,-17.2,3.0,6.0,33.3,6,2,
202410240CGY,CGY,CAR,Andrei Kuzmenko,2.0,32,24,57.1,25.0,14.0,3.0,82.4,0,0,
202410240CGY,CGY,CAR,Ryan Lomberg,1.0,2,12,14.3,-30.9,0.0,7.0,0.0,2,2,
202410240CGY,CGY,CAR,Anthony Mantha,1.0,11,19,36.7,-6.9,2.0,4.0,33.3,2,1,
202410240CGY,CGY,CAR,Daniil Miromanov,3.0,14,23,37.8,-5.9,10.0,10.0,50.0,0,1,
202410240CGY,CGY,CAR,Brayden Pachal,2.0,13,18,41.9,-0.3,4.0,6.0,40.0,1,1,
202410240CGY,CGY,CAR,Martin Pospisil,4.0,19,21,47.5,7.5,8.0,3.0,72.7,3,1,
202410240CGY,CGY,CAR,Kevin Rooney,0.0,2,15,11.8,-34.5,0.0,7.0,0.0,5,1,
202410240CGY,CGY,CAR,MacKenzie Weegar,5.0,21,24,46.7,6.7,14.0,9.0,60.9,3,3,
202410240CGY,CGY,CAR,Connor Zary,4.0,24,17,58.5,23.1,13.0,5.0,72.2,1,0,
202410240CGY,CGY,CAR,TOTAL,,59,78,43.1,,,,51.9,31,19,
202410240UTA,UTA,COL,Ross Colton,3.0,10,9,52.6,13.6,7.0,3.0,70.0,1,0,
202410240UTA,UTA,COL,Calvin de Haan,1.0,7,23,23.3,-26.0,0.0,3.0,0.0,3,3,
202410240UTA,UTA,COL,Samuel Girard,2.0,12,22,35.3,-9.5,5.0,6.0,45.5,1,2,
202410240UTA,UTA,COL,Ivan Ivan,1.0,8,12,40.0,-2.0,2.0,2.0,50.0,0,0,
202410240UTA,UTA,COL,Parker Kelly,2.0,12,15,44.4,3.9,0.0,5.0,0.0,1,3,
202410240UTA,UTA,COL,Joel Kiviranta,2.0,8,22,26.7,-21.2,1.0,6.0,14.3,2,2,
202410240UTA,UTA,COL,Nikolai Kovalenko,1.0,11,9,55.0,16.7,4.0,6.0,40.0,3,0,
202410240UTA,UTA,COL,Nathan MacKinnon,5.0,18,24,42.9,2.2,8.0,5.0,61.5,1,1,
202410240UTA,UTA,COL,Cale Makar,8.0,19,16,54.3,19.5,9.0,12.0,42.9,0,2,
202410240UTA,UTA,COL,Sam Malinski,2.0,10,18,35.7,-8.1,0.0,4.0,0.0,1,3,
202410240UTA,UTA,COL,Josh Manson,4.0,10,25,28.6,-19.9,5.0,5.0,50.0,0,1,
202410240UTA,UTA,COL,Casey Mittelstadt,1.0,16,10,61.5,26.8,9.0,7.0,56.3,0,0,
202410240UTA,UTA,COL,Logan O'Connor,3.0,14,5,73.7,39.6,5.0,10.0,33.3,5,0,
202410240UTA,UTA,COL,Mikko Rantanen,1.0,17,23,42.5,1.5,8.0,5.0,61.5,0,1,
202410240UTA,UTA,COL,Matthew Stienburg,0.0,2,16,11.1,-37.1,1.0,3.0,25.0,3,0,
202410240UTA,UTA,COL,Devon Toews,3.0,20,13,60.6,28.2,4.0,12.0,25.0,2,0,
202410240UTA,UTA,COL,Chris Wagner,0.0,1,12,7.7,-38.9,1.0,4.0,20.0,3,1,
202410240UTA,UTA,COL,Miles Wood,3.0,13,14,48.1,8.9,0.0,3.0,0.0,1,0,
202410240UTA,UTA,COL,TOTAL,,42,58,42.0,,,,40.5,27,19,
202410240UTA,UTA,COL,Ian Cole,3.0,18,16,52.9,-8.3,6.0,6.0,50.0,4,1,
202410240UTA,UTA,COL,Logan Cooley,3.0,9,8,52.9,-6.6,4.0,1.0,80.0,0,0,
202410240UTA,UTA,COL,Lawson Crouse,3.0,9,15,37.5,-27.4,1.0,2.0,33.3,3,0,
202410240UTA,UTA,COL,Josh Doan,4.0,12,4,75.0,19.7,4.0,3.0,57.1,0,0,
202410240UTA,UTA,COL,Dylan Guenther,2.0,25,12,67.6,14.5,9.0,4.0,69.2,0,1,
202410240UTA,UTA,COL,Barrett Hayton,9.0,28,10,73.7,24.5,12.0,3.0,80.0,0,0,
202410240UTA,UTA,COL,Clayton Keller,8.0,28,7,80.0,33.0,12.0,3.0,80.0,0,0,
202410240UTA,UTA,COL,Alexander Kerfoot,1.0,17,8,68.0,12.7,4.0,6.0,40.0,0,1,
202410240UTA,UTA,COL,Michael Kesselring,6.0,29,10,74.4,26.0,7.0,4.0,63.6,1,0,
202410240UTA,UTA,COL,Vladislav Kolyachonok,0.0,6,11,35.3,-27.8,4.0,1.0,80.0,0,0,
202410240UTA,UTA,COL,Maveric Lamoureux,2.0,15,15,50.0,-12.0,6.0,3.0,66.7,2,3,
202410240UTA,UTA,COL,Matias Maccelli,0.0,9,11,45.0,-16.7,2.0,2.0,50.0,0,0,
202410240UTA,UTA,COL,Jack McBain,0.0,11,14,44.0,-19.2,1.0,1.0,50.0,3,1,
202410240UTA,UTA,COL,Nick Schmaltz,2.0,15,13,53.6,-6.7,9.0,3.0,75.0,0,0,
202410240UTA,UTA,COL,Mikhail Sergachev,8.0,34,12,73.9,28.4,10.0,10.0,50.0,1,1,
202410240UTA,UTA,COL,Kevin Stenlund,7.0,15,9,62.5,5.4,5.0,8.0,38.5,0,0,
202410240UTA,UTA,COL,Juuso VÃ¤limÃ¤ki,1.0,9,15,37.5,-27.4,5.0,1.0,83.3,1,2,
202410240UTA,UTA,COL,Kailer Yamamoto,0.0,4,10,28.6,-34.6,4.0,2.0,66.7,0,0,
202410240UTA,UTA,COL,TOTAL,,59,41,59.0,,,,62.1,15,10,
202410240SEA,SEA,WPG,Mason Appleton,4.0,18,13,58.1,14.4,3.0,7.0,30.0,0,0,
202410240SEA,SEA,WPG,Morgan Barron,2.0,5,8,38.5,-10.1,2.0,10.0,16.7,2,1,
202410240SEA,SEA,WPG,Kyle Connor,5.0,18,23,43.9,-5.5,13.0,2.0,86.7,0,1,
202410240SEA,SEA,WPG,Dylan DeMelo,2.0,17,19,47.2,-0.4,12.0,8.0,60.0,4,1,
202410240SEA,SEA,WPG,Nikolaj Ehlers,4.0,21,17,55.3,11.5,14.0,4.0,77.8,1,0,
202410240SEA,SEA,WPG,Alex Iafallo,0.0,5,10,33.3,-16.2,2.0,9.0,18.2,1,0,
202410240SEA,SEA,WPG,Rasmus Kupari,0.0,3,13,18.8,-33.2,2.0,11.0,15.4,2,2,
202410240SEA,SEA,WPG,Adam Lowry,3.0,20,12,62.5,20.6,3.0,14.0,17.6,4,0,
202410240SEA,SEA,WPG,Colin Miller,3.0,10,9,52.6,6.1,5.0,4.0,55.6,2,0,
202410240SEA,SEA,WPG,Josh Morrissey,5.0,24,27,47.1,-0.7,16.0,10.0,61.5,3,2,
202410240SEA,SEA,WPG,Vladislav Namestnikov,1.0,14,15,48.3,1.1,13.0,4.0,76.5,1,0,
202410240SEA,SEA,WPG,Nino Niederreiter,4.0,16,9,64.0,21.0,3.0,6.0,33.3,3,0,
202410240SEA,SEA,WPG,Cole Perfetti,4.0,16,14,53.3,7.8,13.0,2.0,86.7,0,0,
202410240SEA,SEA,WPG,Neal Pionk,7.0,20,31,39.2,-14.5,13.0,12.0,52.0,1,3,
202410240SEA,SEA,WPG,Dylan Samberg,5.0,24,26,48.0,0.9,10.0,12.0,45.5,1,2,
202410240SEA,SEA,WPG,Mark Scheifele,3.0,19,22,46.3,-1.8,13.0,2.0,86.7,2,0,
202410240SEA,SEA,WPG,Logan Stanley,0.0,11,11,50.0,3.1,5.0,6.0,45.5,3,1,
202410240SEA,SEA,WPG,Gabriel Vilardi,4.0,16,22,42.1,-7.9,13.0,2.0,86.7,1,2,
202410240SEA,SEA,WPG,TOTAL,,56,61,47.9,,,,55.2,31,15,
202410240SEA,SEA,WPG,Matty Beniers,3.0,27,18,60.0,12.1,9.0,10.0,47.4,1,1,
202410240SEA,SEA,WPG,Oliver Bjorkstrand,2.0,16,9,64.0,14.5,9.0,7.0,56.3,1,0,
202410240SEA,SEA,WPG,William Borgen,2.0,16,12,57.1,6.0,9.0,8.0,52.9,2,0,
202410240SEA,SEA,WPG,AndrÃ© Burakovsky,3.0,10,13,43.5,-11.2,5.0,5.0,50.0,0,2,
202410240SEA,SEA,WPG,Jordan Eberle,10.0,29,18,61.7,15.2,9.0,10.0,47.4,0,4,
202410240SEA,SEA,WPG,Ryker Evans,5.0,25,22,53.2,1.1,8.0,10.0,44.4,4,0,
202410240SEA,SEA,WPG,Yanni Gourde,7.0,20,12,62.5,13.7,6.0,8.0,42.9,4,1,
202410240SEA,SEA,WPG,Tye Kartye,1.0,4,10,28.6,-27.2,4.0,3.0,57.1,3,0,
202410240SEA,SEA,WPG,Adam Larsson,1.0,19,20,48.7,-5.7,6.0,14.0,30.0,3,1,
202410240SEA,SEA,WPG,Josh Mahura,2.0,10,7,58.8,7.3,2.0,3.0,40.0,5,1,
202410240SEA,SEA,WPG,Jared McCann,9.0,28,15,65.1,19.8,9.0,10.0,47.4,0,0,
202410240SEA,SEA,WPG,Brandon Montour,4.0,29,26,52.7,0.3,15.0,12.0,55.6,2,1,
202410240SEA,SEA,WPG,Jamie Oleksiak,4.0,18,23,43.9,-13.2,8.0,15.0,34.8,1,2,
202410240SEA,SEA,WPG,Jaden Schwartz,4.0,11,16,40.7,-15.3,6.0,8.0,42.9,1,1,
202410240SEA,SEA,WPG,Chandler Stephenson,0.0,13,20,39.4,-18.2,8.0,11.0,42.1,1,0,
202410240SEA,SEA,WPG,Brandon Tanev,4.0,14,14,50.0,-3.3,2.0,11.0,15.4,2,2,
202410240SEA,SEA,WPG,Eeli Tolvanen,1.0,15,6,71.4,22.9,9.0,5.0,64.3,4,0,
202410240SEA,SEA,WPG,Shane Wright,0.0,6,11,35.3,-20.1,6.0,4.0,60.0,0,0,
202410240SEA,SEA,WPG,TOTAL,,62,54,53.4,,,,45.7,34,16,
202410240LAK,LAK,SJS,Cody Ceci,2.0,17,24,41.5,-16.9,4.0,11.0,26.7,1,0,
202410240LAK,LAK,SJS,Ty Dellandrea,0.0,9,13,40.9,-14.3,2.0,10.0,16.7,7,0,
202410240LAK,LAK,SJS,William Eklund,4.0,30,26,53.6,2.0,11.0,2.0,84.6,1,0,
202410240LAK,LAK,SJS,Mario Ferraro,1.0,17,9,65.4,16.5,2.0,9.0,18.2,3,1,
202410240LAK,LAK,SJS,Barclay Goodrow,2.0,13,8,61.9,11.4,2.0,9.0,18.2,6,0,
202410240LAK,LAK,SJS,Mikael Granlund,9.0,28,25,52.8,0.5,11.0,3.0,78.6,2,1,
202410240LAK,LAK,SJS,Carl GrundstrÃ¶m,1.0,13,7,65.0,15.0,2.0,7.0,22.2,2,0,
202410240LAK,LAK,SJS,Daniil Gushchin,1.0,9,11,45.0,-9.1,4.0,2.0,66.7,1,2,
202410240LAK,LAK,SJS,Klim Kostin,0.0,1,8,11.1,-44.9,0.0,1.0,0.0,1,0,
202410240LAK,LAK,SJS,Luke Kunin,4.0,12,11,52.2,-0.4,0.0,7.0,0.0,0,2,
202410240LAK,LAK,SJS,Jan Rutta,6.0,15,11,57.7,6.6,3.0,6.0,33.3,2,0,
202410240LAK,LAK,SJS,Nico Sturm,2.0,14,8,63.6,13.6,0.0,7.0,0.0,1,0,
202410240LAK,LAK,SJS,Jack Thompson,6.0,24,20,54.5,3.1,9.0,2.0,81.8,0,3,
202410240LAK,LAK,SJS,Henry Thrun,0.0,11,21,34.4,-24.9,4.0,2.0,66.7,3,3,
202410240LAK,LAK,SJS,Tyler Toffoli,7.0,32,24,57.1,8.7,11.0,3.0,78.6,1,0,
202410240LAK,LAK,SJS,Jake Walman,7.0,19,20,48.7,-5.7,4.0,8.0,33.3,2,0,
202410240LAK,LAK,SJS,Alexander Wennberg,6.0,32,12,72.7,32.2,12.0,3.0,80.0,2,0,
202410240LAK,LAK,SJS,Fabian Zetterlund,4.0,22,14,61.1,12.3,6.0,4.0,60.0,4,1,
202410240LAK,LAK,SJS,TOTAL,,62,55,53.0,,,,46.8,39,13,
202410240LAK,LAK,SJS,Michael Anderson,3.0,13,24,35.1,-18.0,7.0,7.0,50.0,1,0,
202410240LAK,LAK,SJS,Kyle Burroughs,2.0,19,14,57.6,14.1,3.0,4.0,42.9,2,2,
202410240LAK,LAK,SJS,Quinton Byfield,5.0,16,17,48.5,1.4,8.0,5.0,61.5,1,0,
202410240LAK,LAK,SJS,Brandt Clarke,4.0,19,7,73.1,32.9,6.0,2.0,75.0,1,0,
202410240LAK,LAK,SJS,Phillip Danault,3.0,16,14,53.3,7.8,9.0,4.0,69.2,1,3,
202410240LAK,LAK,SJS,Joel Edmundson,2.0,20,27,42.6,-8.1,8.0,9.0,47.1,3,2,
202410240LAK,LAK,SJS,Kevin Fiala,4.0,16,8,66.7,24.1,6.0,2.0,75.0,1,1,
202410240LAK,LAK,SJS,Warren Foegele,8.0,18,15,54.5,9.8,2.0,3.0,40.0,0,1,
202410240LAK,LAK,SJS,Vladislav Gavrikov,2.0,26,32,44.8,-5.2,5.0,9.0,35.7,2,2,
202410240LAK,LAK,SJS,Tanner Jeannot,3.0,8,8,50.0,2.9,3.0,0.0,100.0,3,0,
202410240LAK,LAK,SJS,Adrian Kempe,4.0,13,25,34.2,-19.6,6.0,11.0,35.3,1,2,
202410240LAK,LAK,SJS,AnÅ¾e Kopitar,3.0,13,25,34.2,-19.6,6.0,11.0,35.3,0,2,
202410240LAK,LAK,SJS,Alex Laferriere,2.0,19,13,59.4,16.4,2.0,2.0,50.0,3,3,
202410240LAK,LAK,SJS,Andre Lee,1.0,5,12,29.4,-21.1,2.0,0.0,100.0,2,2,
202410240LAK,LAK,SJS,Trevor Lewis,1.0,8,8,50.0,2.9,2.0,0.0,100.0,0,1,
202410240LAK,LAK,SJS,Trevor Moore,4.0,15,14,51.7,5.6,9.0,4.0,69.2,0,0,
202410240LAK,LAK,SJS,Jordan Spence,2.0,10,19,34.5,-17.2,9.0,3.0,75.0,2,3,
202410240LAK,LAK,SJS,Alex Turcotte,3.0,15,14,51.7,5.6,4.0,2.0,66.7,1,0,
202410240LAK,LAK,SJS,TOTAL,,56,61,47.9,,,,55.2,24,24,
202410250VEG,VEG,OTT,Michael Amadio,1.0,20,15,57.1,3.8,5.0,4.0,55.6,0,0,
202410250VEG,VEG,OTT,Drake Batherson,2.0,23,20,53.5,-1.3,6.0,13.0,31.6,1,1,
202410250VEG,VEG,OTT,Jacob Bernard-Docker,3.0,17,8,68.0,17.0,7.0,2.0,77.8,1,0,
202410250VEG,VEG,OTT,Thomas Chabot,4.0,19,19,50.0,-6.2,9.0,9.0,50.0,1,3,
202410250VEG,VEG,OTT,Nick Cousins,4.0,17,4,81.0,31.9,7.0,1.0,87.5,4,0,
202410250VEG,VEG,OTT,Adam Gaudette,3.0,13,8,61.9,9.1,6.0,2.0,75.0,0,0,
202410250VEG,VEG,OTT,Claude Giroux,3.0,21,19,52.5,-2.7,5.0,16.0,23.8,1,2,
202410250VEG,VEG,OTT,Noah Gregor,6.0,16,18,47.1,-9.9,3.0,3.0,50.0,4,1,
202410250VEG,VEG,OTT,Ridly Greig,3.0,20,14,58.8,6.1,5.0,3.0,62.5,2,0,
202410250VEG,VEG,OTT,Travis Hamonic,5.0,25,26,49.0,-8.9,4.0,15.0,21.1,0,3,
202410250VEG,VEG,OTT,Nick Jensen,3.0,14,19,42.4,-16.1,8.0,8.0,50.0,2,2,
202410250VEG,VEG,OTT,Tyler Kleven,1.0,16,14,53.3,-1.3,8.0,3.0,72.7,2,1,
202410250VEG,VEG,OTT,Zack MacEwen,2.0,8,7,53.3,-1.2,5.0,2.0,71.4,1,0,
202410250VEG,VEG,OTT,Joshua Norris,5.0,21,22,48.8,-8.3,6.0,18.0,25.0,2,2,
202410250VEG,VEG,OTT,Cole Reinhardt,4.0,9,5,64.3,11.2,5.0,2.0,71.4,1,0,
202410250VEG,VEG,OTT,Jake Sanderson,4.0,34,29,54.0,-0.7,8.0,16.0,33.3,2,3,
202410250VEG,VEG,OTT,Tim StÃ¼tzle,5.0,28,18,60.9,10.3,12.0,5.0,70.6,1,1,
202410250VEG,VEG,OTT,Brady Tkachuk,11.0,26,19,57.8,5.4,12.0,6.0,66.7,3,1,
202410250VEG,VEG,OTT,TOTAL,,69,58,54.3,,,,48.2,28,20,
202410250VEG,VEG,OTT,Ivan Barbashev,5.0,17,15,53.1,9.9,12.0,2.0,85.7,6,2,
202410250VEG,VEG,OTT,Brendan Brisson,3.0,7,13,35.0,-12.7,1.0,3.0,25.0,2,0,
202410250VEG,VEG,OTT,Pavel Dorofeyev,5.0,17,11,60.7,19.3,9.0,7.0,56.3,0,0,
202410250VEG,VEG,OTT,Jack Eichel,7.0,24,20,54.5,13.5,17.0,4.0,81.0,0,1,
202410250VEG,VEG,OTT,Nicolas Hague,1.0,4,10,28.6,-19.2,1.0,6.0,14.3,1,0,
202410250VEG,VEG,OTT,Noah Hanifin,5.0,29,31,48.3,5.0,15.0,9.0,62.5,2,2,
202410250VEG,VEG,OTT,TomÃ¡Å¡ Hertl,2.0,17,16,51.5,7.9,9.0,9.0,50.0,2,0,
202410250VEG,VEG,OTT,Alexander Holtz,2.0,10,14,41.7,-4.9,2.0,3.0,40.0,0,0,
202410250VEG,VEG,OTT,Brett Howden,1.0,14,21,40.0,-7.8,4.0,9.0,30.8,5,0,
202410250VEG,VEG,OTT,Keegan Kolesar,3.0,14,17,45.2,-0.6,4.0,7.0,36.4,2,1,
202410250VEG,VEG,OTT,Brayden McNabb,3.0,17,25,40.5,-7.7,6.0,9.0,40.0,3,3,
202410250VEG,VEG,OTT,Tanner Pearson,0.0,13,14,48.1,3.1,4.0,8.0,33.3,1,0,
202410250VEG,VEG,OTT,Alex Pietrangelo,6.0,28,33,45.9,0.4,14.0,11.0,56.0,3,2,
202410250VEG,VEG,OTT,Nicolas Roy,6.0,16,22,42.1,-5.1,6.0,7.0,46.2,3,0,
202410250VEG,VEG,OTT,Cole Schwindt,1.0,7,11,38.9,-7.9,1.0,4.0,20.0,0,0,
202410250VEG,VEG,OTT,Mark Stone,1.0,23,21,52.3,10.1,17.0,4.0,81.0,0,0,
202410250VEG,VEG,OTT,Shea Theodore,7.0,22,24,47.8,3.4,11.0,5.0,68.8,0,0,
202410250VEG,VEG,OTT,Zach Whitecloud,0.0,8,16,33.3,-15.2,1.0,8.0,11.1,2,1,
202410250VEG,VEG,OTT,TOTAL,,58,68,46.0,,,,53.7,32,12,
202410250NJD,NJD,NYI,Mathew Barzal,5.0,19,22,46.3,1.7,5.0,2.0,71.4,1,2,
202410250NJD,NJD,NYI,Casey Cizikas,3.0,13,11,54.2,11.2,4.0,4.0,50.0,3,1,
202410250NJD,NJD,NYI,Noah Dobson,5.0,25,32,43.9,-2.4,7.0,5.0,58.3,2,2,
202410250NJD,NJD,NYI,Liam Foudy,3.0,5,11,31.2,-16.0,4.0,2.0,66.7,0,1,
202410250NJD,NJD,NYI,Simon HolmstrÃ¶m,2.0,16,24,40.0,-7.6,5.0,5.0,50.0,0,1,
202410250NJD,NJD,NYI,Bo Horvat,2.0,20,25,44.4,-1.2,5.0,3.0,62.5,0,0,
202410250NJD,NJD,NYI,Anders Lee,8.0,16,17,48.5,4.5,5.0,3.0,62.5,1,0,
202410250NJD,NJD,NYI,Kyle MacLean,3.0,9,10,47.4,2.6,4.0,3.0,57.1,3,0,
202410250NJD,NJD,NYI,Scott Mayfield,0.0,7,21,25.0,-26.0,3.0,2.0,60.0,2,2,
202410250NJD,NJD,NYI,Brock Nelson,1.0,15,14,51.7,8.5,5.0,3.0,62.5,0,0,
202410250NJD,NJD,NYI,Jean-Gabriel Pageau,4.0,16,21,43.2,-2.8,5.0,6.0,45.5,3,0,
202410250NJD,NJD,NYI,Kyle Palmieri,4.0,16,16,50.0,6.5,5.0,3.0,62.5,1,1,
202410250NJD,NJD,NYI,Adam Pelech,3.0,16,22,42.1,-4.4,2.0,7.0,22.2,3,1,
202410250NJD,NJD,NYI,Ryan Pulock,1.0,15,21,41.7,-4.9,3.0,6.0,33.3,3,1,
202410250NJD,NJD,NYI,Mike Reilly,5.0,18,7,72.0,33.6,8.0,1.0,88.9,1,0,
202410250NJD,NJD,NYI,Alexander Romanov,3.0,19,28,40.4,-7.7,5.0,7.0,41.7,5,3,
202410250NJD,NJD,NYI,Maxim Tsyplakov,2.0,19,10,65.5,26.6,7.0,3.0,70.0,4,0,
202410250NJD,NJD,NYI,Oliver Wahlstrom,2.0,11,14,44.0,-1.5,3.0,2.0,60.0,0,0,
202410250NJD,NJD,NYI,TOTAL,,56,66,45.9,,,,55.7,32,15,
202410250NJD,NJD,NYI,Jesper Bratt,4.0,25,18,58.1,5.0,6.0,3.0,66.7,2,1,
202410250NJD,NJD,NYI,Paul Cotter,1.0,10,7,58.8,4.6,2.0,4.0,33.3,1,0,
202410250NJD,NJD,NYI,Brenden Dillon,2.0,18,17,51.4,-4.8,5.0,7.0,41.7,2,3,
202410250NJD,NJD,NYI,Dougie Hamilton,5.0,28,19,59.6,7.7,8.0,2.0,80.0,2,0,
202410250NJD,NJD,NYI,Erik Haula,2.0,14,12,53.8,-1.3,3.0,6.0,33.3,3,1,
202410250NJD,NJD,NYI,Nico Hischier,5.0,28,27,50.9,-7.1,6.0,10.0,37.5,0,2,
202410250NJD,NJD,NYI,Jack Hughes,7.0,32,18,64.0,15.4,7.0,2.0,77.8,0,0,
202410250NJD,NJD,NYI,Luke Hughes,8.0,23,19,54.8,-0.1,6.0,4.0,60.0,0,1,
202410250NJD,NJD,NYI,Johnathan Kovacevic,6.0,18,16,52.9,-2.7,1.0,9.0,10.0,1,1,
202410250NJD,NJD,NYI,Curtis Lazar,1.0,6,6,50.0,-5.4,3.0,1.0,75.0,3,0,
202410250NJD,NJD,NYI,Kurtis MacDermid,1.0,1,3,25.0,-30.8,1.0,0.0,100.0,2,0,
202410250NJD,NJD,NYI,Timo Meier,5.0,30,15,66.7,18.6,5.0,3.0,62.5,3,0,
202410250NJD,NJD,NYI,Dawson Mercer,6.0,29,23,55.8,1.6,4.0,9.0,30.8,1,0,
202410250NJD,NJD,NYI,Stefan Noesen,2.0,15,8,65.2,12.7,2.0,5.0,28.6,3,0,
202410250NJD,NJD,NYI,OndÅej PalÃ¡t,4.0,14,13,51.9,-3.8,2.0,0.0,100.0,1,0,
202410250NJD,NJD,NYI,Brett Pesce,4.0,22,25,46.8,-12.9,4.0,6.0,40.0,0,2,
202410250NJD,NJD,NYI,Jonas Siegenthaler,3.0,14,13,51.9,-3.8,1.0,6.0,14.3,0,0,
202410250NJD,NJD,NYI,TomÃ¡Å¡ Tatar,2.0,8,8,50.0,-5.6,4.0,2.0,66.7,3,0,
202410250NJD,NJD,NYI,TOTAL,,68,53,56.2,,,,46.7,27,11,
202410250CHI,CHI,NSH,Jonathan Marchessault,5.0,16,18,47.1,-5.6,11.0,7.0,61.1,3,2,
202410250CHI,CHI,NSH,Alexandre Carrier,1.0,13,21,38.2,-17.8,6.0,10.0,37.5,1,1,
202410250CHI,CHI,NSH,Marc Del Gaizo,6.0,15,11,57.7,8.2,6.0,0.0,100.0,0,2,
202410250CHI,CHI,NSH,Luke Evangelista,2.0,20,8,71.4,26.0,7.0,1.0,87.5,0,0,
202410250CHI,CHI,NSH,Filip Forsberg,11.0,19,16,54.3,4.3,8.0,1.0,88.9,1,0,
202410250CHI,CHI,NSH,Mark Jankowski,3.0,20,9,69.0,23.2,7.0,7.0,50.0,0,0,
202410250CHI,CHI,NSH,Roman Josi,7.0,31,23,57.4,10.9,15.0,5.0,75.0,1,1,
202410250CHI,CHI,NSH,Jeremy Lauzon,2.0,17,20,45.9,-7.5,3.0,11.0,21.4,4,1,
202410250CHI,CHI,NSH,Zachary L'Heureux,2.0,11,9,55.0,4.5,2.0,2.0,50.0,3,0,
202410250CHI,CHI,NSH,Michael McCarron,1.0,11,14,44.0,-9.0,3.0,4.0,42.9,1,1,
202410250CHI,CHI,NSH,Thomas Novak,3.0,23,7,76.7,33.5,7.0,2.0,77.8,0,1,
202410250CHI,CHI,NSH,Gustav Nyquist,2.0,23,10,69.7,25.1,7.0,1.0,87.5,0,1,
202410250CHI,CHI,NSH,Ryan O'Reilly,1.0,19,12,61.3,13.4,9.0,1.0,90.0,1,1,
202410250CHI,CHI,NSH,Luke Schenn,5.0,20,23,46.5,-7.2,3.0,5.0,37.5,3,1,
202410250CHI,CHI,NSH,Colton Sissons,0.0,13,27,32.5,-27.5,8.0,13.0,38.1,1,2,
202410250CHI,CHI,NSH,Brady Skjei,6.0,22,23,48.9,-3.6,11.0,9.0,55.0,0,2,
202410250CHI,CHI,NSH,Cole Smith,4.0,9,20,31.0,-26.3,3.0,5.0,37.5,1,0,
202410250CHI,CHI,NSH,Steven Stamkos,3.0,15,19,44.1,-9.7,11.0,6.0,64.7,1,0,
202410250CHI,CHI,NSH,TOTAL,,64,61,51.2,,,,58.2,21,16,
202410250CHI,CHI,NSH,Nolan Allan,2.0,8,18,30.8,-22.7,2.0,4.0,33.3,1,0,
202410250CHI,CHI,NSH,Connor Bedard,7.0,29,18,61.7,20.7,15.0,7.0,68.2,0,0,
202410250CHI,CHI,NSH,Tyler Bertuzzi,6.0,18,9,66.7,22.8,10.0,5.0,66.7,0,1,
202410250CHI,CHI,NSH,T.J. Brodie,0.0,9,13,40.9,-9.6,2.0,4.0,33.3,0,0,
202410250CHI,CHI,NSH,Jason Dickinson,1.0,11,18,37.9,-14.2,1.0,9.0,10.0,0,1,
202410250CHI,CHI,NSH,Ryan Donato,5.0,13,9,59.1,12.5,1.0,3.0,25.0,2,0,
202410250CHI,CHI,NSH,Nick Foligno,3.0,22,20,52.4,5.4,13.0,13.0,50.0,1,0,
202410250CHI,CHI,NSH,Taylor Hall,4.0,15,18,45.5,-4.5,2.0,7.0,22.2,0,2,
202410250CHI,CHI,NSH,Seth Jones,7.0,28,30,48.3,-1.0,10.0,16.0,38.5,0,1,
202410250CHI,CHI,NSH,Wyatt Kaiser,4.0,15,22,40.5,-11.8,5.0,13.0,27.8,4,4,
202410250CHI,CHI,NSH,Philipp Kurashev,1.0,9,12,42.9,-7.1,1.0,6.0,14.3,0,0,
202410250CHI,CHI,NSH,Pat Maroon,0.0,12,7,63.2,17.0,3.0,3.0,50.0,1,0,
202410250CHI,CHI,NSH,Ilya Mikheyev,5.0,17,16,51.5,3.7,1.0,4.0,20.0,0,0,
202410250CHI,CHI,NSH,Connor Murphy,3.0,22,20,52.4,5.4,4.0,5.0,44.4,0,1,
202410250CHI,CHI,NSH,Lukas Reichel,3.0,15,17,46.9,-2.6,5.0,3.0,62.5,0,1,
202410250CHI,CHI,NSH,Craig Smith,3.0,14,16,46.7,-2.8,3.0,4.0,42.9,0,4,
202410250CHI,CHI,NSH,Teuvo TerÃ¤vÃ¤inen,4.0,26,23,53.1,7.0,15.0,8.0,65.2,0,1,
202410250CHI,CHI,NSH,Alex Vlasic,3.0,23,22,51.1,3.6,8.0,8.0,50.0,1,0,
202410250CHI,CHI,NSH,TOTAL,,61,64,48.8,,,,44.8,10,16,
202410250EDM,EDM,PIT,Noel Acciari,2.0,9,13,40.9,3.0,0.0,9.0,0.0,2,3,
202410250EDM,EDM,PIT,Anthony Beauvillier,3.0,14,23,37.8,-0.7,0.0,8.0,0.0,0,0,
202410250EDM,EDM,PIT,Michael Bunting,2.0,12,22,35.3,-4.0,4.0,3.0,57.1,1,0,
202410250EDM,EDM,PIT,Sidney Crosby,1.0,20,30,40.0,2.5,7.0,4.0,63.6,0,0,
202410250EDM,EDM,PIT,Lars Eller,5.0,16,28,36.4,-2.8,0.0,9.0,0.0,2,0,
202410250EDM,EDM,PIT,Cody Glass,2.0,10,18,35.7,-3.3,0.0,6.0,0.0,1,0,
202410250EDM,EDM,PIT,Ryan Graves,2.0,16,24,40.0,2.3,0.0,5.0,0.0,2,2,
202410250EDM,EDM,PIT,Matt Grzelcyk,1.0,22,37,37.3,-1.8,6.0,10.0,37.5,1,4,
202410250EDM,EDM,PIT,Kevin Hayes,4.0,12,14,46.2,9.5,0.0,3.0,0.0,0,0,
202410250EDM,EDM,PIT,Erik Karlsson,7.0,23,35,39.7,2.2,8.0,10.0,44.4,0,0,
202410250EDM,EDM,PIT,Kris Letang,4.0,20,30,40.0,2.5,6.0,8.0,42.9,2,1,
202410250EDM,EDM,PIT,Evgeni Malkin,2.0,14,25,35.9,-3.4,8.0,5.0,61.5,0,0,
202410250EDM,EDM,PIT,Drew O'Connor,5.0,15,27,35.7,-3.7,3.0,4.0,42.9,0,1,
202410250EDM,EDM,PIT,Marcus Pettersson,3.0,16,29,35.6,-4.0,2.0,8.0,20.0,1,2,
202410250EDM,EDM,PIT,Jesse PuljujÃ¤rvi,4.0,14,14,50.0,14.4,0.0,5.0,0.0,2,1,
202410250EDM,EDM,PIT,Rickard Rakell,5.0,13,24,35.1,-4.3,4.0,5.0,44.4,1,2,
202410250EDM,EDM,PIT,Bryan Rust,2.0,19,27,41.3,4.3,7.0,6.0,53.8,1,0,
202410250EDM,EDM,PIT,Jack St. Ivany,2.0,13,24,35.1,-4.3,0.0,5.0,0.0,5,3,
202410250EDM,EDM,PIT,TOTAL,,56,89,38.6,,,,32.7,21,19,
202410250EDM,EDM,PIT,Viktor Arvidsson,8.0,31,6,83.8,29.7,14.0,0.0,100.0,0,0,
202410250EDM,EDM,PIT,Evan Bouchard,3.0,33,25,56.9,-7.9,8.0,2.0,80.0,0,3,
202410250EDM,EDM,PIT,Connor Brown,4.0,14,18,43.8,-22.9,3.0,2.0,60.0,0,1,
202410250EDM,EDM,PIT,Leon Draisaitl,4.0,31,12,72.1,14.8,13.0,1.0,92.9,0,1,
202410250EDM,EDM,PIT,Mattias Ekholm,7.0,33,23,58.9,-4.4,8.0,6.0,57.1,1,2,
202410250EDM,EDM,PIT,Ty Emberson,5.0,23,10,69.7,10.4,5.0,1.0,83.3,1,0,
202410250EDM,EDM,PIT,Adam Henrique,3.0,16,16,50.0,-14.9,3.0,4.0,42.9,0,3,
202410250EDM,EDM,PIT,Zach Hyman,11.0,34,22,60.7,-1.5,4.0,4.0,50.0,0,0,
202410250EDM,EDM,PIT,Mattias Janmark,3.0,18,9,66.7,6.2,3.0,1.0,75.0,0,0,
202410250EDM,EDM,PIT,Brett Kulak,4.0,39,8,83.0,31.5,9.0,4.0,69.2,1,1,
202410250EDM,EDM,PIT,Connor McDavid,8.0,34,18,65.4,5.8,6.0,5.0,54.5,0,0,
202410250EDM,EDM,PIT,Ryan Nugent-Hopkins,5.0,28,23,54.9,-10.4,4.0,6.0,40.0,1,1,
202410250EDM,EDM,PIT,Darnell Nurse,8.0,31,20,60.8,-1.3,10.0,4.0,71.4,3,3,
202410250EDM,EDM,PIT,Corey Perry,3.0,14,8,63.6,2.3,3.0,1.0,75.0,0,0,
202410250EDM,EDM,PIT,Vasily Podkolzin,5.0,26,9,74.3,16.6,11.0,0.0,100.0,1,1,
202410250EDM,EDM,PIT,Derek Ryan,3.0,12,9,57.1,-5.3,2.0,4.0,33.3,0,0,
202410250EDM,EDM,PIT,Jeff Skinner,2.0,16,14,53.3,-10.5,4.0,2.0,66.7,0,1,
202410250EDM,EDM,PIT,Troy Stecher,4.0,16,24,40.0,-29.8,5.0,5.0,50.0,3,0,
202410250EDM,EDM,PIT,TOTAL,,90,55,62.1,,,,68.7,11,17,
202410260BUF,BUF,DET,Jonatan Berggren,3.0,11,12,47.8,5.4,5.0,5.0,50.0,0,0,
202410260BUF,BUF,DET,Ben Chiarot,3.0,15,27,35.7,-11.8,5.0,8.0,38.5,2,3,
202410260BUF,BUF,DET,J.T. Compher,2.0,9,21,30.0,-17.8,7.0,6.0,53.8,0,2,
202410260BUF,BUF,DET,Andrew Copp,0.0,7,10,41.2,-2.6,1.0,11.0,8.3,0,0,
202410260BUF,BUF,DET,Alex DeBrincat,6.0,28,18,60.9,28.0,15.0,6.0,71.4,0,0,
202410260BUF,BUF,DET,Simon Edvinsson,2.0,18,19,48.6,7.4,9.0,17.0,34.6,1,4,
202410260BUF,BUF,DET,Christian Fischer,0.0,6,15,28.6,-17.9,1.0,11.0,8.3,1,0,
202410260BUF,BUF,DET,Erik Gustafsson,2.0,13,21,38.2,-7.3,10.0,3.0,76.9,1,1,
202410260BUF,BUF,DET,Justin Holl,0.0,8,23,25.8,-23.7,8.0,3.0,72.7,0,1,
202410260BUF,BUF,DET,Patrick Kane,3.0,14,23,37.8,-8.1,10.0,3.0,76.9,2,0,
202410260BUF,BUF,DET,Marco Kasper,0.0,12,15,44.4,1.2,5.0,3.0,62.5,0,0,
202410260BUF,BUF,DET,Dylan Larkin,13.0,29,23,55.8,21.5,15.0,8.0,65.2,0,0,
202410260BUF,BUF,DET,Jeff Petry,2.0,15,28,34.9,-13.2,7.0,8.0,46.7,1,2,
202410260BUF,BUF,DET,Michael Rasmussen,4.0,12,10,54.5,13.5,3.0,10.0,23.1,2,2,
202410260BUF,BUF,DET,Lucas Raymond,6.0,30,19,61.2,29.7,15.0,7.0,68.2,0,0,
202410260BUF,BUF,DET,Moritz Seider,4.0,25,19,56.8,20.9,10.0,17.0,37.0,1,1,
202410260BUF,BUF,DET,Vladimir Tarasenko,1.0,7,16,30.4,-16.1,5.0,6.0,45.5,0,0,
202410260BUF,BUF,DET,Joe Veleno,2.0,8,16,33.3,-12.6,5.0,2.0,71.4,1,1,
202410260BUF,BUF,DET,TOTAL,,53,68,43.8,,,,50.0,12,17,
202410260BUF,BUF,DET,Bowen Byram,4.0,14,15,48.3,-10.8,7.0,8.0,46.7,0,1,
202410260BUF,BUF,DET,Connor Clifton,3.0,22,17,56.4,-0.2,1.0,13.0,7.1,1,2,
202410260BUF,BUF,DET,Dylan Cozens,3.0,17,19,47.2,-13.3,10.0,6.0,62.5,1,1,
202410260BUF,BUF,DET,Rasmus Dahlin,4.0,32,18,64.0,12.6,19.0,7.0,73.1,0,4,
202410260BUF,BUF,DET,Jordan Greenway,3.0,17,19,47.2,-13.3,4.0,17.0,19.0,0,2,
202410260BUF,BUF,DET,Henri Jokiharju,3.0,27,18,60.0,5.5,15.0,8.0,65.2,1,0,
202410260BUF,BUF,DET,Peyton Krebs,3.0,13,10,56.5,-0.1,3.0,6.0,33.3,0,0,
202410260BUF,BUF,DET,Jiri Kulich,2.0,11,15,42.3,-18.1,7.0,5.0,58.3,2,0,
202410260BUF,BUF,DET,Sam Lafferty,0.0,11,6,64.7,9.5,1.0,4.0,20.0,2,0,
202410260BUF,BUF,DET,Beck Malenstyn,3.0,12,5,70.6,16.3,1.0,3.0,25.0,3,1,
202410260BUF,BUF,DET,Ryan McLeod,1.0,18,16,52.9,-5.1,4.0,13.0,23.5,1,1,
202410260BUF,BUF,DET,JJ Peterka,4.0,33,13,71.7,24.3,15.0,3.0,83.3,0,0,
202410260BUF,BUF,DET,Owen Power,3.0,10,13,43.5,-16.1,7.0,4.0,63.6,0,1,
202410260BUF,BUF,DET,Jack Quinn,4.0,10,18,35.7,-27.1,8.0,4.0,66.7,2,0,
202410260BUF,BUF,DET,Mattias Samuelsson,5.0,23,21,52.3,-6.7,2.0,14.0,12.5,1,0,
202410260BUF,BUF,DET,Tage Thompson,15.0,31,5,86.1,41.9,15.0,2.0,88.2,0,0,
202410260BUF,BUF,DET,Alex Tuch,5.0,23,18,56.1,-0.7,13.0,5.0,72.2,0,1,
202410260BUF,BUF,DET,Jason Zucker,4.0,21,12,63.6,9.7,8.0,9.0,47.1,0,1,
202410260BUF,BUF,DET,TOTAL,,69,53,56.6,,,,51.5,14,15,
202410260PHI,PHI,MIN,Zach Bogosian,5.0,14,19,42.4,-21.8,3.0,4.0,42.9,0,2,
202410260PHI,PHI,MIN,Matt Boldy,11.0,33,20,62.3,8.2,7.0,5.0,58.3,2,3,
202410260PHI,PHI,MIN,Jonas Brodin,2.0,17,20,45.9,-17.7,5.0,5.0,50.0,0,1,
202410260PHI,PHI,MIN,Declan Chisholm,0.0,10,12,45.5,-15.4,3.0,3.0,50.0,0,0,
202410260PHI,PHI,MIN,Joel Eriksson Ek,4.0,33,16,67.3,16.5,8.0,5.0,61.5,0,0,
202410260PHI,PHI,MIN,Brock Faber,6.0,40,17,70.2,24.6,13.0,4.0,76.5,1,0,
202410260PHI,PHI,MIN,Marcus Foligno,3.0,15,7,68.2,12.8,6.0,3.0,66.7,3,2,
202410260PHI,PHI,MIN,FrÃ©dÃ©rick Gaudreau,7.0,20,8,71.4,17.9,5.0,6.0,45.5,0,0,
202410260PHI,PHI,MIN,Marcus Johansson,1.0,16,19,45.7,-17.6,2.0,5.0,28.6,1,0,
202410260PHI,PHI,MIN,Kirill Kaprizov,10.0,31,13,70.5,20.5,13.0,0.0,100.0,1,0,
202410260PHI,PHI,MIN,Marat Khusnutdinov,1.0,3,13,18.8,-45.5,2.0,0.0,100.0,0,2,
202410260PHI,PHI,MIN,Jakub Lauko,1.0,6,14,30.0,-33.8,0.0,2.0,0.0,0,1,
202410260PHI,PHI,MIN,Jonathon Merrill,0.0,8,12,40.0,-21.7,2.0,4.0,33.3,0,1,
202410260PHI,PHI,MIN,Jacob Middleton,4.0,21,13,61.8,5.6,8.0,2.0,80.0,0,0,
202410260PHI,PHI,MIN,Liam Ohgren,1.0,8,5,61.5,4.1,1.0,1.0,50.0,0,0,
202410260PHI,PHI,MIN,Marco Rossi,3.0,15,13,53.6,-5.7,7.0,0.0,100.0,0,0,
202410260PHI,PHI,MIN,Yakov Trenin,2.0,15,7,68.2,12.8,5.0,3.0,62.5,1,0,
202410260PHI,PHI,MIN,Mats Zuccarello,5.0,27,10,73.0,22.4,10.0,0.0,100.0,0,0,
202410260PHI,PHI,MIN,TOTAL,,66,48,57.9,,,,65.4,9,12,
202410260PHI,PHI,MIN,Noah Cates,2.0,6,3,66.7,26.7,1.0,1.0,50.0,2,0,
202410260PHI,PHI,MIN,Sean Couturier,7.0,23,15,60.5,27.6,6.0,5.0,54.5,1,1,
202410260PHI,PHI,MIN,Nicolas Deslauriers,1.0,4,3,57.1,16.0,0.0,0.0,,2,0,
202410260PHI,PHI,MIN,Jamie Drysdale,2.0,20,16,55.6,19.7,7.0,5.0,58.3,0,1,
202410260PHI,PHI,MIN,Joel Farabee,1.0,9,11,45.0,3.5,1.0,7.0,12.5,0,1,
202410260PHI,PHI,MIN,Tyson Foerster,1.0,9,11,45.0,3.5,2.0,2.0,50.0,0,1,
202410260PHI,PHI,MIN,Morgan Frost,3.0,7,15,31.8,-12.8,3.0,4.0,42.9,0,0,
202410260PHI,PHI,MIN,Garnet Hathaway,0.0,4,22,15.4,-34.6,2.0,8.0,20.0,2,0,
202410260PHI,PHI,MIN,Erik Johnson,2.0,12,23,34.3,-11.3,3.0,3.0,50.0,2,1,
202410260PHI,PHI,MIN,Travis Konecny,5.0,25,21,54.3,20.5,7.0,3.0,70.0,2,1,
202410260PHI,PHI,MIN,Scott Laughton,3.0,10,16,38.5,-4.7,0.0,6.0,0.0,4,0,
202410260PHI,PHI,MIN,Matvei Michkov,2.0,25,17,59.5,27.6,7.0,3.0,70.0,0,0,
202410260PHI,PHI,MIN,Ryan Poehling,1.0,10,25,28.6,-19.5,1.0,7.0,12.5,0,3,
202410260PHI,PHI,MIN,Rasmus Ristolainen,2.0,16,27,37.2,-7.9,1.0,10.0,9.1,5,2,
202410260PHI,PHI,MIN,Travis Sanheim,6.0,16,28,36.4,-9.3,1.0,14.0,6.7,0,3,
202410260PHI,PHI,MIN,Nick Seeler,2.0,18,21,46.2,6.2,6.0,5.0,54.5,2,2,
202410260PHI,PHI,MIN,Owen Tippett,5.0,13,17,43.3,1.6,4.0,7.0,36.4,2,1,
202410260PHI,PHI,MIN,Yegor Zamula,3.0,12,17,41.4,-1.0,2.0,3.0,40.0,0,5,
202410260PHI,PHI,MIN,TOTAL,,48,64,42.9,,,,36.5,24,22,
202410260LAK,LAK,UTA,Nick Bjugstad,2.0,15,11,57.7,4.4,7.0,2.0,77.8,4,0,
202410260LAK,LAK,UTA,Robert Bortuzzo,3.0,10,12,45.5,-11.5,5.0,3.0,62.5,0,2,
202410260LAK,LAK,UTA,Ian Cole,4.0,14,12,53.8,-0.9,4.0,9.0,30.8,1,0,
202410260LAK,LAK,UTA,Logan Cooley,5.0,15,10,60.0,7.4,5.0,4.0,55.6,1,0,
202410260LAK,LAK,UTA,Lawson Crouse,5.0,17,13,56.7,3.2,7.0,2.0,77.8,4,0,
202410260LAK,LAK,UTA,Josh Doan,0.0,8,5,61.5,8.1,3.0,2.0,60.0,0,0,
202410260LAK,LAK,UTA,Dylan Guenther,2.0,14,10,58.3,5.1,6.0,2.0,75.0,2,0,
202410260LAK,LAK,UTA,Barrett Hayton,4.0,20,10,66.7,17.4,10.0,6.0,62.5,0,1,
202410260LAK,LAK,UTA,Clayton Keller,5.0,23,14,62.2,12.2,11.0,8.0,57.9,0,1,
202410260LAK,LAK,UTA,Alexander Kerfoot,3.0,9,15,37.5,-22.2,1.0,10.0,9.1,1,3,
202410260LAK,LAK,UTA,Michael Kesselring,4.0,23,18,56.1,2.8,10.0,9.0,52.6,2,0,
202410260LAK,LAK,UTA,Vladislav Kolyachonok,2.0,17,10,63.0,11.6,8.0,3.0,72.7,1,1,
202410260LAK,LAK,UTA,Maveric Lamoureux,1.0,15,22,40.5,-22.0,5.0,8.0,38.5,1,0,
202410260LAK,LAK,UTA,Matias Maccelli,3.0,16,11,59.3,6.6,7.0,2.0,77.8,0,1,
202410260LAK,LAK,UTA,Jack McBain,1.0,8,9,47.1,-8.9,2.0,5.0,28.6,2,1,
202410260LAK,LAK,UTA,Nick Schmaltz,3.0,17,9,65.4,14.7,10.0,5.0,66.7,0,1,
202410260LAK,LAK,UTA,Mikhail Sergachev,5.0,24,19,55.8,2.4,10.0,10.0,50.0,1,1,
202410260LAK,LAK,UTA,Kevin Stenlund,3.0,11,15,42.3,-16.4,3.0,11.0,21.4,0,1,
202410260LAK,LAK,UTA,TOTAL,,55,46,54.5,,,,52.5,20,13,
202410260LAK,LAK,UTA,Michael Anderson,1.0,12,22,35.3,-15.4,8.0,12.0,40.0,2,2,
202410260LAK,LAK,UTA,Quinton Byfield,4.0,19,20,48.7,5.2,3.0,10.0,23.1,0,0,
202410260LAK,LAK,UTA,Brandt Clarke,2.0,11,24,31.4,-21.6,7.0,7.0,50.0,0,4,
202410260LAK,LAK,UTA,Phillip Danault,2.0,12,19,38.7,-9.9,6.0,9.0,40.0,0,2,
202410260LAK,LAK,UTA,Joel Edmundson,4.0,14,32,30.4,-27.8,6.0,9.0,40.0,2,3,
202410260LAK,LAK,UTA,Kevin Fiala,1.0,4,9,30.8,-16.9,7.0,5.0,58.3,0,0,
202410260LAK,LAK,UTA,Warren Foegele,1.0,12,14,46.2,0.9,6.0,2.0,75.0,2,0,
202410260LAK,LAK,UTA,Vladislav Gavrikov,3.0,16,17,48.5,4.4,8.0,11.0,42.1,0,0,
202410260LAK,LAK,UTA,Tanner Jeannot,2.0,13,12,52.0,8.6,5.0,3.0,62.5,4,0,
202410260LAK,LAK,UTA,Caleb Jones,4.0,11,5,68.8,27.6,4.0,3.0,57.1,3,1,
202410260LAK,LAK,UTA,Adrian Kempe,3.0,15,18,45.5,-0.1,6.0,9.0,40.0,1,0,
202410260LAK,LAK,UTA,AnÅ¾e Kopitar,0.0,15,19,44.1,-2.2,6.0,9.0,40.0,0,0,
202410260LAK,LAK,UTA,Alex Laferriere,2.0,11,8,57.9,15.2,9.0,3.0,75.0,2,0,
202410260LAK,LAK,UTA,Andre Lee,2.0,7,8,46.7,1.4,2.0,1.0,66.7,1,1,
202410260LAK,LAK,UTA,Trevor Lewis,4.0,11,9,55.0,11.8,4.0,4.0,50.0,3,0,
202410260LAK,LAK,UTA,Trevor Moore,2.0,11,17,39.3,-8.6,6.0,9.0,40.0,5,1,
202410260LAK,LAK,UTA,Jordan Spence,6.0,23,10,69.7,35.9,6.0,3.0,66.7,1,1,
202410260LAK,LAK,UTA,Alex Turcotte,3.0,12,8,60.0,18.0,5.0,2.0,71.4,0,0,
202410260LAK,LAK,UTA,TOTAL,,46,54,46.0,,,,48.3,26,15,
202410260BOS,BOS,TOR,Simon Benoit,2.0,11,14,44.0,-4.5,0.0,7.0,0.0,3,1,
202410260BOS,BOS,TOR,Max Domi,5.0,17,23,42.5,-7.5,3.0,5.0,37.5,0,2,
202410260BOS,BOS,TOR,Oliver Ekman-Larsson,2.0,11,20,35.5,-16.1,9.0,5.0,64.3,3,0,
202410260BOS,BOS,TOR,David KÃ¤mpf,3.0,12,8,60.0,14.8,1.0,3.0,25.0,1,1,
202410260BOS,BOS,TOR,Matthew Knies,2.0,19,20,48.7,1.6,8.0,6.0,57.1,3,0,
202410260BOS,BOS,TOR,Steven Lorentz,2.0,14,7,66.7,23.0,1.0,4.0,20.0,2,0,
202410260BOS,BOS,TOR,Mitch Marner,5.0,24,26,48.0,0.7,12.0,13.0,48.0,2,0,
202410260BOS,BOS,TOR,Auston Matthews,9.0,26,19,57.8,16.0,12.0,13.0,48.0,1,3,
202410260BOS,BOS,TOR,Jake McCabe,5.0,27,30,47.4,-0.4,5.0,13.0,27.8,0,3,
202410260BOS,BOS,TOR,Bobby McMann,0.0,3,10,23.1,-27.4,0.0,2.0,0.0,2,1,
202410260BOS,BOS,TOR,Philippe Myers,1.0,8,14,36.4,-13.6,0.0,4.0,0.0,1,0,
202410260BOS,BOS,TOR,William Nylander,2.0,19,16,54.3,9.4,6.0,4.0,60.0,0,0,
202410260BOS,BOS,TOR,Max Pacioretty,8.0,17,14,54.8,9.6,4.0,3.0,57.1,3,0,
202410260BOS,BOS,TOR,Ryan Reaves,0.0,7,3,70.0,24.4,0.0,1.0,0.0,3,0,
202410260BOS,BOS,TOR,Morgan Rielly,5.0,18,22,45.0,-3.8,11.0,4.0,73.3,0,0,
202410260BOS,BOS,TOR,Nicholas Robertson,2.0,11,16,40.7,-8.8,2.0,3.0,40.0,0,0,
202410260BOS,BOS,TOR,Chris Tanev,4.0,27,27,50.0,4.3,2.0,15.0,11.8,0,6,
202410260BOS,BOS,TOR,John Tavares,2.0,19,15,55.9,11.5,7.0,5.0,58.3,3,1,
202410260BOS,BOS,TOR,TOTAL,,59,64,48.0,,,,42.2,27,18,
202410260BOS,BOS,TOR,John Beecher,2.0,11,9,55.0,3.1,4.0,3.0,57.1,1,2,
202410260BOS,BOS,TOR,Justin Brazeau,4.0,17,14,54.8,3.2,4.0,2.0,66.7,1,1,
202410260BOS,BOS,TOR,Brandon Carlo,2.0,14,13,51.9,-0.7,2.0,8.0,20.0,0,2,
202410260BOS,BOS,TOR,Charlie Coyle,1.0,13,18,41.9,-14.0,5.0,12.0,29.4,1,1,
202410260BOS,BOS,TOR,Trent Frederic,4.0,14,18,43.8,-11.6,4.0,3.0,57.1,4,0,
202410260BOS,BOS,TOR,Morgan Geekie,1.0,9,6,60.0,8.6,2.0,1.0,66.7,1,0,
202410260BOS,BOS,TOR,Mark Kastelic,3.0,12,13,48.0,-5.5,3.0,2.0,60.0,6,2,
202410260BOS,BOS,TOR,Cole Koepke,4.0,14,5,73.7,25.1,3.0,0.0,100.0,1,0,
202410260BOS,BOS,TOR,Elias Lindholm,4.0,20,20,50.0,-3.6,13.0,3.0,81.3,0,2,
202410260BOS,BOS,TOR,Hampus Lindholm,5.0,22,27,44.9,-12.4,5.0,13.0,27.8,0,0,
202410260BOS,BOS,TOR,Mason Lohrei,4.0,23,20,53.5,1.6,4.0,3.0,57.1,0,2,
202410260BOS,BOS,TOR,Brad Marchand,6.0,23,17,57.5,7.5,12.0,9.0,57.1,1,1,
202410260BOS,BOS,TOR,Charlie McAvoy,3.0,20,25,44.4,-12.6,13.0,7.0,65.0,0,1,
202410260BOS,BOS,TOR,David PastrÅÃ¡k,8.0,31,15,67.4,23.8,13.0,2.0,86.7,1,1,
202410260BOS,BOS,TOR,Andrew Peeke,3.0,20,17,54.1,2.4,8.0,1.0,88.9,1,4,
202410260BOS,BOS,TOR,Matthew Poitras,5.0,14,13,51.9,-0.7,3.0,3.0,50.0,0,0,
202410260BOS,BOS,TOR,Pavel Zacha,3.0,20,14,58.8,8.8,13.0,3.0,81.3,0,0,
202410260BOS,BOS,TOR,Nikita Zadorov,3.0,19,13,59.4,9.4,8.0,1.0,88.9,2,0,
202410260BOS,BOS,TOR,TOTAL,,65,59,52.4,,,,60.6,20,19,
202410260MTL,MTL,STL,Zachary Bolduc,3.0,17,8,68.0,16.5,3.0,1.0,75.0,2,0,
202410260MTL,MTL,STL,Philip Broberg,5.0,19,18,51.4,-4.6,3.0,6.0,33.3,0,2,
202410260MTL,MTL,STL,Pavel Buchnevich,3.0,34,12,73.9,30.0,12.0,4.0,75.0,0,0,
202410260MTL,MTL,STL,Radek Faksa,1.0,11,9,55.0,0.4,2.0,5.0,28.6,4,1,
202410260MTL,MTL,STL,Justin Faulk,5.0,35,18,66.0,19.3,11.0,6.0,64.7,1,2,
202410260MTL,MTL,STL,Dylan Holloway,3.0,16,18,47.1,-10.3,3.0,2.0,60.0,2,1,
202410260MTL,MTL,STL,Mathieu Joseph,3.0,15,12,55.6,1.1,4.0,4.0,50.0,3,0,
202410260MTL,MTL,STL,Pierre-Olivier Joseph,2.0,15,6,71.4,20.0,4.0,2.0,66.7,0,0,
202410260MTL,MTL,STL,Jordan Kyrou,10.0,35,17,67.3,21.2,12.0,5.0,70.6,0,1,
202410260MTL,MTL,STL,Jake Neighbours,4.0,26,20,56.5,2.8,10.0,4.0,71.4,1,0,
202410260MTL,MTL,STL,Colton Parayko,9.0,18,31,36.7,-29.1,5.0,8.0,38.5,0,0,
202410260MTL,MTL,STL,Scott Perunovich,2.0,14,10,58.3,4.5,4.0,2.0,66.7,0,3,
202410260MTL,MTL,STL,Brandon Saad,3.0,12,19,38.7,-21.1,5.0,4.0,55.6,0,1,
202410260MTL,MTL,STL,Brayden Schenn,4.0,27,21,56.2,2.4,11.0,6.0,64.7,0,0,
202410260MTL,MTL,STL,Oskar Sundqvist,2.0,10,10,50.0,-5.6,2.0,4.0,33.3,2,1,
202410260MTL,MTL,STL,Ryan Suter,3.0,20,30,40.0,-24.1,5.0,8.0,38.5,0,3,
202410260MTL,MTL,STL,Alexandre Texier,4.0,16,16,50.0,-6.2,4.0,2.0,66.7,0,0,
202410260MTL,MTL,STL,Alexey Toropchenko,4.0,12,12,50.0,-5.8,2.0,3.0,40.0,3,1,
202410260MTL,MTL,STL,TOTAL,,70,55,56.0,,,,56.4,18,16,
202410260MTL,MTL,STL,Josh Anderson,5.0,10,21,32.3,-17.2,5.0,2.0,71.4,2,1,
202410260MTL,MTL,STL,Joel Armia,6.0,16,21,43.2,-3.0,2.0,9.0,18.2,1,1,
202410260MTL,MTL,STL,Cole Caufield,1.0,20,16,55.6,14.3,5.0,3.0,62.5,1,0,
202410260MTL,MTL,STL,Kirby Dach,6.0,18,15,54.5,12.4,5.0,3.0,62.5,3,0,
202410260MTL,MTL,STL,Christian Dvorak,4.0,19,16,54.3,12.4,7.0,9.0,43.8,0,0,
202410260MTL,MTL,STL,Jake Evans,2.0,13,25,34.2,-15.8,5.0,9.0,35.7,1,1,
202410260MTL,MTL,STL,Brendan Gallagher,4.0,13,22,37.1,-11.3,2.0,3.0,40.0,0,0,
202410260MTL,MTL,STL,Emil Heineman,4.0,13,5,72.2,31.3,4.0,3.0,57.1,3,0,
202410260MTL,MTL,STL,Lane Hutson,6.0,26,27,49.1,6.4,5.0,6.0,45.5,2,3,
202410260MTL,MTL,STL,Oliver Kapanen,1.0,11,16,40.7,-5.8,2.0,2.0,50.0,0,1,
202410260MTL,MTL,STL,Logan Mailloux,0.0,17,18,48.6,4.5,2.0,1.0,66.7,0,2,
202410260MTL,MTL,STL,Mike Matheson,2.0,18,35,34.0,-19.3,8.0,12.0,40.0,0,2,
202410260MTL,MTL,STL,Alex Newhook,2.0,12,17,41.4,-5.1,5.0,4.0,55.6,0,0,
202410260MTL,MTL,STL,Michael Pezzetta,2.0,9,2,81.8,39.9,4.0,3.0,57.1,4,0,
202410260MTL,MTL,STL,David Savard,0.0,18,27,40.0,-8.2,3.0,15.0,16.7,2,5,
202410260MTL,MTL,STL,Jayden Struble,4.0,17,13,56.7,14.9,6.0,2.0,75.0,1,2,
202410260MTL,MTL,STL,Nick Suzuki,5.0,22,19,53.7,12.3,5.0,5.0,50.0,1,1,
202410260MTL,MTL,STL,Arber Xhekaj,4.0,17,19,47.2,2.6,5.0,3.0,62.5,3,0,
202410260MTL,MTL,STL,TOTAL,,58,65,47.2,,,,45.7,24,19,
202410260TBL,TBL,WSH,John Carlson,1.0,21,31,40.4,-26.8,12.0,9.0,57.1,2,2,
202410260TBL,TBL,WSH,Jakob Chychrun,9.0,20,25,44.4,-17.8,10.0,7.0,58.8,1,2,
202410260TBL,TBL,WSH,Nic Dowd,3.0,17,13,56.7,1.6,2.0,9.0,18.2,3,0,
202410260TBL,TBL,WSH,Pierre-Luc Dubois,7.0,12,14,46.2,-11.9,7.0,5.0,58.3,1,2,
202410260TBL,TBL,WSH,Brandon Duhaime,5.0,14,13,51.9,-4.6,1.0,8.0,11.1,1,1,
202410260TBL,TBL,WSH,Martin FehÃ©rvÃ¡ry,3.0,28,17,62.2,10.8,11.0,6.0,64.7,1,3,
202410260TBL,TBL,WSH,Hendrix Lapierre,1.0,12,8,60.0,5.5,8.0,1.0,88.9,0,0,
202410260TBL,TBL,WSH,Andrew Mangiapane,1.0,14,10,58.3,3.6,10.0,1.0,90.9,1,1,
202410260TBL,TBL,WSH,Dylan McIlrath,2.0,12,9,57.1,2.0,7.0,1.0,87.5,3,0,
202410260TBL,TBL,WSH,Connor McMichael,0.0,11,17,39.3,-21.1,8.0,4.0,66.7,1,0,
202410260TBL,TBL,WSH,Alex Ovechkin,5.0,24,14,63.2,11.3,13.0,4.0,76.5,3,0,
202410260TBL,TBL,WSH,Aliaksei Protas,5.0,24,14,63.2,11.3,10.0,4.0,71.4,1,0,
202410260TBL,TBL,WSH,Taylor Raddysh,5.0,15,15,50.0,-7.3,1.0,7.0,12.5,2,0,
202410260TBL,TBL,WSH,Rasmus Sandin,4.0,22,12,64.7,12.9,6.0,5.0,54.5,3,1,
202410260TBL,TBL,WSH,Dylan Strome,3.0,25,17,59.5,6.3,11.0,3.0,78.6,0,1,
202410260TBL,TBL,WSH,Trevor van Riemsdyk,6.0,27,12,69.2,20.4,10.0,8.0,55.6,1,3,
202410260TBL,TBL,WSH,Jakub VrÃ¡na,4.0,12,7,63.2,9.2,8.0,1.0,88.9,1,0,
202410260TBL,TBL,WSH,Tom Wilson,2.0,17,13,56.7,1.6,8.0,3.0,72.7,5,0,
202410260TBL,TBL,WSH,TOTAL,,66,50,56.9,,,,62.3,30,16,
202410260TBL,TBL,WSH,Cam Atkinson,3.0,10,12,45.5,1.2,7.0,0.0,100.0,1,0,
202410260TBL,TBL,WSH,Erik ÄernÃ¡k,3.0,19,23,45.2,1.0,4.0,10.0,28.6,3,1,
202410260TBL,TBL,WSH,Mitchell Chaffee,2.0,15,11,57.7,16.8,2.0,6.0,25.0,2,0,
202410260TBL,TBL,WSH,Anthony Cirelli,0.0,14,21,40.0,-6.4,4.0,13.0,23.5,0,2,
202410260TBL,TBL,WSH,Michael Eyssimont,2.0,12,14,46.2,2.1,2.0,6.0,25.0,1,0,
202410260TBL,TBL,WSH,Conor Geekie,4.0,12,12,50.0,6.8,4.0,4.0,50.0,0,1,
202410260TBL,TBL,WSH,Zemgus Girgensons,1.0,9,11,45.0,0.6,6.0,0.0,100.0,0,0,
202410260TBL,TBL,WSH,Luke Glendening,1.0,8,10,44.4,-0.2,6.0,4.0,60.0,1,3,
202410260TBL,TBL,WSH,Jake Guentzel,6.0,19,24,44.2,-0.5,6.0,10.0,37.5,0,4,
202410260TBL,TBL,WSH,Brandon Hagel,4.0,13,18,41.9,-3.6,4.0,13.0,23.5,0,1,
202410260TBL,TBL,WSH,Victor Hedman,5.0,18,23,43.9,-1.0,5.0,14.0,26.3,0,2,
202410260TBL,TBL,WSH,Nikita Kucherov,3.0,18,26,40.9,-5.8,6.0,10.0,37.5,0,0,
202410260TBL,TBL,WSH,Emil Martinsen Lilleberg,1.0,13,19,40.6,-5.4,6.0,6.0,50.0,1,0,
202410260TBL,TBL,WSH,Ryan McDonagh,3.0,20,21,48.8,6.5,6.0,10.0,37.5,0,1,
202410260TBL,TBL,WSH,J.J. Moser,1.0,19,24,44.2,-0.5,4.0,11.0,26.7,1,2,
202410260TBL,TBL,WSH,Nick Paul,6.0,17,13,56.7,16.3,3.0,6.0,33.3,1,1,
202410260TBL,TBL,WSH,Nicklaus Perbix,5.0,13,20,39.4,-7.1,8.0,7.0,53.3,1,1,
202410260TBL,TBL,WSH,Brayden Point,3.0,16,23,41.0,-5.2,6.0,10.0,37.5,0,0,
202410260TBL,TBL,WSH,TOTAL,,53,65,44.9,,,,38.8,12,19,
202410260NYR,NYR,ANA,Leo Carlsson,5.0,23,16,59.0,17.9,11.0,2.0,84.6,0,0,
202410260NYR,NYR,ANA,Brian Dumoulin,2.0,17,22,43.6,-3.8,5.0,6.0,45.5,0,1,
202410260NYR,NYR,ANA,Robby Fabbri,1.0,15,21,41.7,-6.3,9.0,4.0,69.2,1,1,
202410260NYR,NYR,ANA,Cam Fowler,2.0,16,20,44.4,-2.5,11.0,7.0,61.1,0,3,
202410260NYR,NYR,ANA,Cutter Gauthier,4.0,18,14,56.2,13.1,11.0,2.0,84.6,0,0,
202410260NYR,NYR,ANA,Radko Gudas,3.0,18,26,40.9,-8.0,3.0,7.0,30.0,5,3,
202410260NYR,NYR,ANA,Alex Killorn,5.0,21,17,55.3,12.6,8.0,3.0,72.7,2,0,
202410260NYR,NYR,ANA,Jackson LaCombe,2.0,26,26,50.0,6.1,10.0,5.0,66.7,0,1,
202410260NYR,NYR,ANA,Brett Leason,2.0,8,13,38.1,-9.7,6.0,7.0,46.2,1,0,
202410260NYR,NYR,ANA,Isac LundestrÃ¶m,2.0,10,13,43.5,-3.3,2.0,3.0,40.0,0,2,
202410260NYR,NYR,ANA,Brock McGinn,0.0,9,17,34.6,-14.5,2.0,6.0,25.0,3,0,
202410260NYR,NYR,ANA,Mason McTavish,4.0,22,22,50.0,5.6,8.0,7.0,53.3,2,1,
202410260NYR,NYR,ANA,Pavel Mintyukov,4.0,14,26,35.0,-16.1,5.0,6.0,45.5,0,2,
202410260NYR,NYR,ANA,Ryan Strome,3.0,10,20,33.3,-16.7,7.0,5.0,58.3,1,0,
202410260NYR,NYR,ANA,Troy Terry,7.0,25,24,51.0,7.5,11.0,4.0,73.3,0,0,
202410260NYR,NYR,ANA,Frank Vatrano,5.0,16,19,45.7,-0.8,10.0,5.0,66.7,3,2,
202410260NYR,NYR,ANA,Trevor Zegras,4.0,22,18,55.0,12.4,8.0,3.0,72.7,1,1,
202410260NYR,NYR,ANA,Olen Zellweger,7.0,21,21,50.0,5.4,12.0,5.0,70.6,0,1,
202410260NYR,NYR,ANA,TOTAL,,62,69,47.3,,,,60.5,19,18,
202410260NYR,NYR,ANA,Jonny Brodzinski,2.0,7,10,41.2,-14.4,1.0,3.0,25.0,2,1,
202410260NYR,NYR,ANA,Sam Carrick,2.0,6,10,37.5,-18.4,0.0,3.0,0.0,0,0,
202410260NYR,NYR,ANA,Filip Chytil,7.0,19,11,63.3,12.3,4.0,6.0,40.0,0,0,
202410260NYR,NYR,ANA,William Cuylle,3.0,17,13,56.7,3.8,3.0,8.0,27.3,4,1,
202410260NYR,NYR,ANA,Adam Edstrom,1.0,7,11,38.9,-17.1,1.0,3.0,25.0,1,0,
202410260NYR,NYR,ANA,Adam Fox,6.0,36,26,58.1,8.1,10.0,11.0,47.6,2,2,
202410260NYR,NYR,ANA,Zachary Jones,2.0,15,19,44.1,-12.9,1.0,5.0,16.7,1,0,
202410260NYR,NYR,ANA,Kaapo Kakko,5.0,13,10,56.5,3.3,4.0,5.0,44.4,0,0,
202410260NYR,NYR,ANA,Chris Kreider,5.0,24,21,53.3,-0.6,8.0,14.0,36.4,5,2,
202410260NYR,NYR,ANA,Alexis LafreniÃ¨re,2.0,24,9,72.7,25.2,6.0,3.0,66.7,0,0,
202410260NYR,NYR,ANA,Ryan Lindgren,5.0,20,17,54.1,0.5,6.0,11.0,35.3,2,1,
202410260NYR,NYR,ANA,K'Andre Miller,4.0,32,20,61.5,12.7,9.0,11.0,45.0,2,2,
202410260NYR,NYR,ANA,Artemi Panarin,12.0,31,14,68.9,22.8,8.0,2.0,80.0,0,1,
202410260NYR,NYR,ANA,Braden Schneider,2.0,14,23,37.8,-22.0,1.0,5.0,16.7,1,4,
202410260NYR,NYR,ANA,Reilly Smith,2.0,19,24,44.2,-14.0,7.0,9.0,43.8,0,1,
202410260NYR,NYR,ANA,Vincent Trocheck,3.0,27,23,54.0,0.4,7.0,6.0,53.8,3,0,
202410260NYR,NYR,ANA,Jacob Trouba,4.0,21,19,52.5,-1.8,6.0,11.0,35.3,3,0,
202410260NYR,NYR,ANA,Mika Zibanejad,5.0,26,21,55.3,2.4,8.0,15.0,34.8,0,0,
202410260NYR,NYR,ANA,TOTAL,,72,61,54.1,,,,40.6,26,15,
202410260CGY,CGY,WPG,Mason Appleton,5.0,16,17,48.5,2.3,5.0,9.0,35.7,2,1,
202410260CGY,CGY,WPG,Morgan Barron,2.0,9,14,39.1,-9.2,2.0,6.0,25.0,2,1,
202410260CGY,CGY,WPG,Kyle Connor,11.0,27,23,54.0,11.3,13.0,3.0,81.3,0,0,
202410260CGY,CGY,WPG,Dylan DeMelo,0.0,15,34,30.6,-25.0,8.0,10.0,44.4,3,5,
202410260CGY,CGY,WPG,Nikolaj Ehlers,7.0,22,22,50.0,4.7,16.0,1.0,94.1,0,1,
202410260CGY,CGY,WPG,Alex Iafallo,2.0,9,10,47.4,0.7,3.0,4.0,42.9,0,0,
202410260CGY,CGY,WPG,Rasmus Kupari,2.0,8,7,53.3,7.3,2.0,5.0,28.6,1,0,
202410260CGY,CGY,WPG,Adam Lowry,2.0,17,23,42.5,-6.0,4.0,14.0,22.2,1,1,
202410260CGY,CGY,WPG,Colin Miller,3.0,13,17,43.3,-4.4,7.0,2.0,77.8,0,0,
202410260CGY,CGY,WPG,Josh Morrissey,5.0,28,30,48.3,2.6,15.0,5.0,75.0,0,2,
202410260CGY,CGY,WPG,Vladislav Namestnikov,1.0,14,16,46.7,-0.1,12.0,1.0,92.3,1,0,
202410260CGY,CGY,WPG,Nino Niederreiter,4.0,18,9,66.7,24.7,5.0,4.0,55.6,5,0,
202410260CGY,CGY,WPG,Cole Perfetti,3.0,14,17,45.2,-2.0,12.0,0.0,100.0,0,1,
202410260CGY,CGY,WPG,Neal Pionk,6.0,26,19,57.8,16.3,11.0,10.0,52.4,1,1,
202410260CGY,CGY,WPG,Dylan Samberg,3.0,21,22,48.8,3.0,7.0,11.0,38.9,1,0,
202410260CGY,CGY,WPG,Mark Scheifele,2.0,25,23,52.1,8.1,12.0,2.0,85.7,0,3,
202410260CGY,CGY,WPG,Logan Stanley,4.0,15,26,36.6,-14.4,8.0,4.0,66.7,1,1,
202410260CGY,CGY,WPG,Gabriel Vilardi,3.0,25,22,53.2,9.7,12.0,2.0,85.7,0,0,
202410260CGY,CGY,WPG,TOTAL,,65,69,48.5,,,,61.9,18,17,
202410260CGY,CGY,WPG,Rasmus Andersson,8.0,27,27,50.0,-5.3,9.0,12.0,42.9,0,2,
202410260CGY,CGY,WPG,Mikael Backlund,2.0,20,26,43.5,-14.6,6.0,13.0,31.6,1,1,
202410260CGY,CGY,WPG,Kevin Bahl,4.0,21,31,40.4,-20.5,7.0,11.0,38.9,2,3,
202410260CGY,CGY,WPG,Blake Coleman,3.0,21,20,51.2,-2.9,4.0,11.0,26.7,3,3,
202410260CGY,CGY,WPG,Joel Hanley,2.0,11,7,61.1,9.0,2.0,7.0,22.2,1,2,
202410260CGY,CGY,WPG,Jonathan Huberdeau,3.0,24,12,66.7,18.2,8.0,6.0,57.1,2,1,
202410260CGY,CGY,WPG,Nazem Kadri,8.0,26,20,56.5,4.9,13.0,5.0,72.2,1,0,
202410260CGY,CGY,WPG,Justin Kirkland,2.0,16,10,61.5,10.2,0.0,9.0,0.0,1,0,
202410260CGY,CGY,WPG,Adam Klapka,2.0,14,10,58.3,6.1,0.0,7.0,0.0,3,1,
202410260CGY,CGY,WPG,Andrei Kuzmenko,1.0,23,19,54.8,2.2,13.0,3.0,81.3,1,0,
202410260CGY,CGY,WPG,Ryan Lomberg,3.0,16,9,64.0,13.1,0.0,7.0,0.0,2,1,
202410260CGY,CGY,WPG,Anthony Mantha,5.0,18,8,69.2,19.6,3.0,6.0,33.3,0,0,
202410260CGY,CGY,WPG,Daniil Miromanov,6.0,25,23,52.1,-1.7,3.0,11.0,21.4,2,2,
202410260CGY,CGY,WPG,Brayden Pachal,3.0,12,9,57.1,4.6,3.0,6.0,33.3,3,0,
202410260CGY,CGY,WPG,Martin Pospisil,0.0,11,10,52.4,-1.0,1.0,6.0,14.3,1,1,
202410260CGY,CGY,WPG,Yegor Sharangovich,5.0,26,20,56.5,4.9,14.0,5.0,73.7,2,0,
202410260CGY,CGY,WPG,MacKenzie Weegar,10.0,37,32,53.6,0.7,12.0,14.0,46.2,6,1,
202410260CGY,CGY,WPG,Connor Zary,7.0,21,16,56.8,4.8,6.0,8.0,42.9,0,0,
202410260CGY,CGY,WPG,TOTAL,,74,63,54.0,,,,40.5,31,18,
202410260NYI,NYI,FLA,Uvis Balinskis,0.0,5,6,45.5,-4.0,3.0,4.0,42.9,1,0,
202410260NYI,NYI,FLA,Sam Bennett,3.0,22,19,53.7,6.9,4.0,5.0,44.4,5,1,
202410260NYI,NYI,FLA,Adam Boqvist,4.0,18,11,62.1,17.2,5.0,4.0,55.6,0,1,
202410260NYI,NYI,FLA,Jesper Boqvist,2.0,11,19,36.7,-16.7,2.0,9.0,18.2,4,0,
202410260NYI,NYI,FLA,Aaron Ekblad,4.0,16,26,38.1,-17.2,5.0,16.0,23.8,1,1,
202410260NYI,NYI,FLA,Gustav Forsling,3.0,19,28,40.4,-14.5,5.0,16.0,23.8,0,0,
202410260NYI,NYI,FLA,Patrick Giles,0.0,3,6,33.3,-17.2,3.0,3.0,50.0,1,0,
202410260NYI,NYI,FLA,A.J. Greer,1.0,10,17,37.0,-15.7,2.0,7.0,22.2,3,0,
202410260NYI,NYI,FLA,Dmitry Kulikov,5.0,24,21,53.3,6.7,6.0,12.0,33.3,1,2,
202410260NYI,NYI,FLA,Anton Lundell,5.0,23,15,60.5,16.7,7.0,12.0,36.8,0,2,
202410260NYI,NYI,FLA,Eetu Luostarinen,2.0,14,13,51.9,3.5,5.0,13.0,27.8,0,0,
202410260NYI,NYI,FLA,Niko Mikkola,2.0,21,22,48.8,-0.5,6.0,9.0,40.0,1,4,
202410260NYI,NYI,FLA,Sam Reinhart,5.0,26,22,54.2,8.5,7.0,14.0,33.3,1,0,
202410260NYI,NYI,FLA,Evan Rodrigues,6.0,9,13,40.9,-10.1,2.0,6.0,25.0,1,0,
202410260NYI,NYI,FLA,Mackie Samoskevich,2.0,3,7,30.0,-20.9,3.0,3.0,50.0,0,0,
202410260NYI,NYI,FLA,Nate Schmidt,1.0,11,9,55.0,7.0,3.0,4.0,42.9,0,1,
202410260NYI,NYI,FLA,Matthew Tkachuk,7.0,26,18,59.1,15.9,6.0,5.0,54.5,1,0,
202410260NYI,NYI,FLA,Carter Verhaeghe,6.0,27,22,55.1,10.2,6.0,4.0,60.0,0,0,
202410260NYI,NYI,FLA,TOTAL,,58,60,49.2,,,,35.2,20,12,
202410260NYI,NYI,FLA,Mathew Barzal,4.0,18,18,50.0,-1.2,13.0,6.0,68.4,3,0,
202410260NYI,NYI,FLA,Dennis Cholowski,3.0,9,14,39.1,-14.6,3.0,2.0,60.0,0,0,
202410260NYI,NYI,FLA,Casey Cizikas,3.0,13,13,50.0,-1.1,6.0,3.0,66.7,4,1,
202410260NYI,NYI,FLA,Noah Dobson,7.0,26,20,56.5,9.3,17.0,7.0,70.8,1,1,
202410260NYI,NYI,FLA,Pierre Engvall,2.0,13,3,81.2,35.1,4.0,2.0,66.7,1,0,
202410260NYI,NYI,FLA,Simon HolmstrÃ¶m,1.0,11,20,35.5,-20.8,8.0,7.0,53.3,0,1,
202410260NYI,NYI,FLA,Bo Horvat,3.0,14,20,41.2,-13.6,13.0,6.0,68.4,1,1,
202410260NYI,NYI,FLA,Anders Lee,5.0,19,12,61.3,14.2,11.0,2.0,84.6,1,1,
202410260NYI,NYI,FLA,Kyle MacLean,1.0,12,8,60.0,11.0,4.0,3.0,57.1,2,0,
202410260NYI,NYI,FLA,Matt Martin,4.0,10,6,62.5,13.5,4.0,2.0,66.7,2,0,
202410260NYI,NYI,FLA,Scott Mayfield,3.0,11,18,37.9,-17.2,4.0,3.0,57.1,1,1,
202410260NYI,NYI,FLA,Brock Nelson,3.0,19,17,52.8,2.8,9.0,4.0,69.2,1,1,
202410260NYI,NYI,FLA,Jean-Gabriel Pageau,0.0,19,18,51.4,0.8,11.0,4.0,73.3,1,0,
202410260NYI,NYI,FLA,Kyle Palmieri,5.0,19,22,46.3,-6.9,10.0,4.0,71.4,1,0,
202410260NYI,NYI,FLA,Adam Pelech,5.0,25,24,51.0,0.3,9.0,7.0,56.3,2,1,
202410260NYI,NYI,FLA,Ryan Pulock,4.0,28,25,52.8,3.6,12.0,7.0,63.2,1,2,
202410260NYI,NYI,FLA,Mike Reilly,3.0,16,13,55.2,5.8,11.0,6.0,64.7,0,1,
202410260NYI,NYI,FLA,Maxim Tsyplakov,4.0,19,14,57.6,9.4,8.0,3.0,72.7,1,0,
202410260NYI,NYI,FLA,TOTAL,,60,57,51.3,,,,66.4,23,11,
202410260NSH,NSH,CBJ,Zach Aston-Reese,3.0,8,21,27.6,-21.9,0.0,4.0,0.0,4,0,
202410260NSH,NSH,CBJ,Yegor Chinakhov,2.0,17,18,48.6,6.1,10.0,6.0,62.5,3,0,
202410260NSH,NSH,CBJ,Jake Christiansen,6.0,18,20,47.4,4.5,3.0,5.0,37.5,1,1,
202410260NSH,NSH,CBJ,Justin Danforth,0.0,7,20,25.9,-23.6,1.0,3.0,25.0,3,0,
202410260NSH,NSH,CBJ,Adam Fantilli,8.0,16,16,50.0,7.8,7.0,5.0,58.3,1,2,
202410260NSH,NSH,CBJ,Jordan Harris,1.0,8,16,33.3,-13.6,2.0,4.0,33.3,4,3,
202410260NSH,NSH,CBJ,Jack Johnson,0.0,5,18,21.7,-27.8,2.0,7.0,22.2,1,0,
202410260NSH,NSH,CBJ,Sean Kuraly,1.0,16,6,72.7,34.7,2.0,3.0,40.0,1,1,
202410260NSH,NSH,CBJ,Kevin Labanc,3.0,16,7,69.6,31.2,2.0,3.0,40.0,1,0,
202410260NSH,NSH,CBJ,Kirill Marchenko,4.0,17,23,42.5,-2.6,7.0,5.0,58.3,0,0,
202410260NSH,NSH,CBJ,Sean Monahan,5.0,15,21,41.7,-3.6,7.0,7.0,50.0,0,0,
202410260NSH,NSH,CBJ,Mathieu Olivier,0.0,5,16,23.8,-24.7,0.0,3.0,0.0,3,1,
202410260NSH,NSH,CBJ,Ivan Provorov,4.0,24,29,45.3,1.8,8.0,11.0,42.1,0,2,
202410260NSH,NSH,CBJ,Mikael Pyyhtia,3.0,13,16,44.8,0.7,7.0,5.0,58.3,0,1,
202410260NSH,NSH,CBJ,Damon Severson,3.0,14,25,35.9,-12.3,2.0,9.0,18.2,1,2,
202410260NSH,NSH,CBJ,Cole Sillinger,3.0,18,22,45.0,1.1,7.0,6.0,53.8,0,0,
202410260NSH,NSH,CBJ,James van Riemsdyk,1.0,12,2,85.7,46.8,2.0,1.0,66.7,0,0,
202410260NSH,NSH,CBJ,Zach Werenski,7.0,35,26,57.4,26.3,13.0,4.0,76.5,2,2,
202410260NSH,NSH,CBJ,TOTAL,,54,66,45.0,,,,47.1,25,15,
202410260NSH,NSH,CBJ,Jonathan Marchessault,6.0,37,14,72.5,28.8,8.0,3.0,72.7,1,0,
202410260NSH,NSH,CBJ,Alexandre Carrier,4.0,20,19,51.3,-6.5,3.0,11.0,21.4,3,0,
202410260NSH,NSH,CBJ,Luke Evangelista,0.0,6,6,50.0,-6.4,4.0,1.0,80.0,0,0,
202410260NSH,NSH,CBJ,Dante Fabbro,1.0,14,18,43.8,-16.2,5.0,1.0,83.3,0,2,
202410260NSH,NSH,CBJ,Filip Forsberg,13.0,30,18,62.5,11.1,7.0,9.0,43.8,5,2,
202410260NSH,NSH,CBJ,Mark Jankowski,1.0,4,8,33.3,-24.9,3.0,6.0,33.3,0,0,
202410260NSH,NSH,CBJ,Roman Josi,9.0,32,27,54.2,-2.9,13.0,7.0,65.0,1,1,
202410260NSH,NSH,CBJ,Jeremy Lauzon,2.0,17,21,44.7,-16.0,3.0,9.0,25.0,5,3,
202410260NSH,NSH,CBJ,Zachary L'Heureux,3.0,17,12,58.6,3.8,1.0,2.0,33.3,6,0,
202410260NSH,NSH,CBJ,Michael McCarron,3.0,15,13,53.6,-2.8,2.0,4.0,33.3,4,0,
202410260NSH,NSH,CBJ,Thomas Novak,3.0,10,10,50.0,-6.9,6.0,0.0,100.0,0,0,
202410260NSH,NSH,CBJ,Gustav Nyquist,0.0,12,14,46.2,-12.1,7.0,2.0,77.8,2,2,
202410260NSH,NSH,CBJ,Ryan O'Reilly,3.0,36,19,65.5,17.7,10.0,8.0,55.6,0,0,
202410260NSH,NSH,CBJ,Luke Schenn,4.0,16,11,59.3,4.6,3.0,1.0,75.0,3,1,
202410260NSH,NSH,CBJ,Colton Sissons,1.0,5,14,26.3,-34.9,5.0,8.0,38.5,3,2,
202410260NSH,NSH,CBJ,Brady Skjei,6.0,24,9,72.7,23.3,8.0,4.0,66.7,0,0,
202410260NSH,NSH,CBJ,Cole Smith,5.0,15,13,53.6,-2.8,1.0,3.0,25.0,6,0,
202410260NSH,NSH,CBJ,Steven Stamkos,4.0,20,15,57.1,1.9,7.0,0.0,100.0,0,1,
202410260NSH,NSH,CBJ,TOTAL,,68,53,56.2,,,,54.5,39,14,
202410260DAL,DAL,CHI,Nolan Allan,0.0,15,8,65.2,24.6,6.0,5.0,54.5,1,2,
202410260DAL,DAL,CHI,Connor Bedard,6.0,23,16,59.0,20.2,9.0,3.0,75.0,1,1,
202410260DAL,DAL,CHI,Tyler Bertuzzi,5.0,25,24,51.0,9.7,8.0,7.0,53.3,1,1,
202410260DAL,DAL,CHI,T.J. Brodie,0.0,12,25,32.4,-18.2,3.0,3.0,50.0,0,3,
202410260DAL,DAL,CHI,Jason Dickinson,3.0,17,21,44.7,-0.6,5.0,6.0,45.5,3,0,
202410260DAL,DAL,CHI,Ryan Donato,4.0,11,9,55.0,11.7,4.0,2.0,66.7,4,0,
202410260DAL,DAL,CHI,Nick Foligno,9.0,22,22,50.0,7.5,3.0,5.0,37.5,5,0,
202410260DAL,DAL,CHI,Taylor Hall,4.0,12,18,40.0,-6.8,5.0,7.0,41.7,1,2,
202410260DAL,DAL,CHI,Seth Jones,5.0,35,24,59.3,27.0,13.0,13.0,50.0,2,3,
202410260DAL,DAL,CHI,Wyatt Kaiser,4.0,14,31,31.1,-22.1,4.0,4.0,50.0,1,2,
202410260DAL,DAL,CHI,Philipp Kurashev,3.0,12,23,34.3,-15.1,5.0,8.0,38.5,1,0,
202410260DAL,DAL,CHI,Pat Maroon,1.0,17,10,63.0,22.8,3.0,1.0,75.0,5,0,
202410260DAL,DAL,CHI,Ilya Mikheyev,2.0,9,13,40.9,-5.2,1.0,3.0,25.0,0,0,
202410260DAL,DAL,CHI,Connor Murphy,0.0,9,23,28.1,-23.0,4.0,4.0,50.0,3,4,
202410260DAL,DAL,CHI,Lukas Reichel,2.0,5,11,31.2,-16.0,4.0,3.0,57.1,0,0,
202410260DAL,DAL,CHI,Craig Smith,3.0,13,7,65.0,23.7,4.0,1.0,80.0,1,0,
202410260DAL,DAL,CHI,Teuvo TerÃ¤vÃ¤inen,4.0,20,20,50.0,7.1,7.0,4.0,63.6,0,2,
202410260DAL,DAL,CHI,Alex Vlasic,1.0,13,22,37.1,-11.2,3.0,6.0,33.3,0,2,
202410260DAL,DAL,CHI,TOTAL,,56,67,45.5,,,,51.2,29,22,
202410260DAL,DAL,CHI,Jamie Benn,4.0,19,12,61.3,8.6,6.0,7.0,46.2,1,0,
202410260DAL,DAL,CHI,Colin Blackwell,4.0,10,5,66.7,13.5,1.0,3.0,25.0,1,0,
202410260DAL,DAL,CHI,Mavrik Bourque,1.0,7,4,63.6,9.6,1.0,3.0,25.0,0,0,
202410260DAL,DAL,CHI,Evgenii Dadonov,1.0,16,19,45.7,-12.7,2.0,6.0,25.0,0,1,
202410260DAL,DAL,CHI,Matt Duchene,3.0,25,9,73.5,25.7,6.0,5.0,54.5,0,0,
202410260DAL,DAL,CHI,Mathew Dumba,1.0,19,24,44.2,-16.3,5.0,5.0,50.0,2,2,
202410260DAL,DAL,CHI,Thomas Harley,2.0,24,14,63.2,12.0,4.0,3.0,57.1,0,1,
202410260DAL,DAL,CHI,Miro Heiskanen,11.0,44,18,71.0,32.3,12.0,4.0,75.0,0,2,
202410260DAL,DAL,CHI,Roope Hintz,4.0,19,20,48.7,-8.9,9.0,2.0,81.8,0,0,
202410260DAL,DAL,CHI,Wyatt Johnston,7.0,21,23,47.7,-11.1,7.0,6.0,53.8,0,0,
202410260DAL,DAL,CHI,Esa Lindell,1.0,11,25,30.6,-34.2,3.0,12.0,20.0,1,2,
202410260DAL,DAL,CHI,Nils Lundkvist,1.0,15,7,68.2,16.2,5.0,3.0,62.5,1,3,
202410260DAL,DAL,CHI,Ilya Lyubushkin,1.0,10,24,29.4,-35.0,3.0,10.0,23.1,1,1,
202410260DAL,DAL,CHI,Mason Marchment,7.0,25,13,65.8,15.8,5.0,5.0,50.0,1,0,
202410260DAL,DAL,CHI,Jason Robertson,7.0,20,17,54.1,-1.1,8.0,2.0,80.0,0,0,
202410260DAL,DAL,CHI,Tyler Seguin,8.0,23,15,60.5,8.2,6.0,5.0,54.5,0,0,
202410260DAL,DAL,CHI,Logan Stankoven,5.0,20,12,62.5,10.3,4.0,3.0,57.1,1,1,
202410260DAL,DAL,CHI,Sam Steel,0.0,10,10,50.0,-5.8,1.0,4.0,20.0,0,0,
202410260DAL,DAL,CHI,TOTAL,,68,56,54.8,,,,50.0,9,13,
202410260VAN,VAN,PIT,Noel Acciari,2.0,12,19,38.7,-7.5,3.0,12.0,20.0,2,0,
202410260VAN,VAN,PIT,Anthony Beauvillier,4.0,10,14,41.7,-3.1,4.0,4.0,50.0,3,0,
202410260VAN,VAN,PIT,Michael Bunting,4.0,11,13,45.8,2.1,1.0,9.0,10.0,1,0,
202410260VAN,VAN,PIT,Sidney Crosby,2.0,23,14,62.2,27.1,8.0,7.0,53.3,0,1,
202410260VAN,VAN,PIT,Lars Eller,1.0,13,14,48.1,5.2,0.0,8.0,0.0,2,0,
202410260VAN,VAN,PIT,Ryan Graves,4.0,8,18,30.8,-17.4,1.0,11.0,8.3,1,3,
202410260VAN,VAN,PIT,Matt Grzelcyk,2.0,17,21,44.7,0.9,6.0,8.0,42.9,0,0,
202410260VAN,VAN,PIT,Kevin Hayes,0.0,8,12,40.0,-5.1,2.0,3.0,40.0,1,0,
202410260VAN,VAN,PIT,Erik Karlsson,5.0,19,22,46.3,3.4,8.0,6.0,57.1,0,0,
202410260VAN,VAN,PIT,Kris Letang,4.0,21,28,42.9,-2.3,6.0,7.0,46.2,1,0,
202410260VAN,VAN,PIT,Evgeni Malkin,3.0,14,20,41.2,-4.3,6.0,5.0,54.5,0,2,
202410260VAN,VAN,PIT,Drew O'Connor,5.0,17,20,45.9,2.7,2.0,6.0,25.0,0,1,
202410260VAN,VAN,PIT,Marcus Pettersson,1.0,20,20,50.0,9.2,4.0,9.0,30.8,0,1,
202410260VAN,VAN,PIT,Jesse PuljujÃ¤rvi,1.0,7,13,35.0,-11.2,1.0,3.0,25.0,0,1,
202410260VAN,VAN,PIT,Valtteri Puustinen,0.0,4,9,30.8,-15.1,0.0,5.0,0.0,1,1,
202410260VAN,VAN,PIT,Rickard Rakell,5.0,22,16,57.9,20.9,7.0,7.0,50.0,1,1,
202410260VAN,VAN,PIT,Bryan Rust,3.0,7,18,28.0,-20.8,4.0,4.0,50.0,0,0,
202410260VAN,VAN,PIT,Jack St. Ivany,3.0,11,13,45.8,2.1,1.0,9.0,10.0,3,2,
202410260VAN,VAN,PIT,TOTAL,,49,61,44.5,,,,34.4,16,13,
202410260VAN,VAN,PIT,Arshdeep Bains,4.0,9,6,60.0,4.8,2.0,1.0,66.7,1,0,
202410260VAN,VAN,PIT,Teddy Blueger,2.0,14,7,66.7,13.4,5.0,3.0,62.5,0,0,
202410260VAN,VAN,PIT,Brock Boeser,10.0,24,15,61.5,8.7,9.0,6.0,60.0,2,0,
202410260VAN,VAN,PIT,Erik BrÃ¤nnstrÃ¶m,5.0,22,12,64.7,12.8,6.0,1.0,85.7,0,0,
202410260VAN,VAN,PIT,Jake DeBrusk,4.0,15,22,40.5,-23.0,7.0,7.0,50.0,2,0,
202410260VAN,VAN,PIT,Vincent Desharnais,1.0,22,15,59.5,5.4,6.0,1.0,85.7,0,1,
202410260VAN,VAN,PIT,Conor Garland,5.0,23,11,67.6,17.0,11.0,2.0,84.6,0,0,
202410260VAN,VAN,PIT,Danton Heinen,4.0,13,11,54.2,-2.1,5.0,2.0,71.4,0,0,
202410260VAN,VAN,PIT,Nils HÃ¶glander,2.0,13,11,54.2,-2.1,8.0,3.0,72.7,1,0,
202410260VAN,VAN,PIT,Filip Hronek,1.0,25,16,61.0,8.1,12.0,7.0,63.2,3,0,
202410260VAN,VAN,PIT,Quinn Hughes,6.0,30,16,65.2,16.0,15.0,4.0,78.9,1,2,
202410260VAN,VAN,PIT,J.T. Miller,5.0,26,17,60.5,7.6,10.0,6.0,62.5,0,0,
202410260VAN,VAN,PIT,Tyler Myers,2.0,11,18,37.9,-24.3,4.0,6.0,40.0,2,0,
202410260VAN,VAN,PIT,Elias Pettersson,2.0,18,15,54.5,-1.9,11.0,2.0,84.6,2,1,
202410260VAN,VAN,PIT,Kiefer Sherwood,3.0,13,11,54.2,-2.1,5.0,0.0,100.0,6,0,
202410260VAN,VAN,PIT,Carson Soucy,1.0,7,19,26.9,-37.8,5.0,6.0,45.5,1,5,
202410260VAN,VAN,PIT,Daniel Sprong,3.0,9,12,42.9,-16.0,2.0,2.0,50.0,3,0,
202410260VAN,VAN,PIT,Pius Suter,2.0,14,8,63.6,9.7,2.0,4.0,33.3,0,0,
202410260VAN,VAN,PIT,TOTAL,,62,46,57.4,,,,66.4,24,9,
202410260VEG,VEG,SJS,Cody Ceci,3.0,17,32,34.7,-13.4,2.0,11.0,15.4,1,1,
202410260VEG,VEG,SJS,Ty Dellandrea,1.0,10,12,45.5,2.9,4.0,4.0,50.0,4,1,
202410260VEG,VEG,SJS,William Eklund,1.0,22,22,50.0,10.5,5.0,5.0,50.0,0,0,
202410260VEG,VEG,SJS,Mario Ferraro,2.0,21,24,46.7,5.5,5.0,5.0,50.0,5,1,
202410260VEG,VEG,SJS,Barclay Goodrow,4.0,13,16,44.8,2.2,5.0,8.0,38.5,5,1,
202410260VEG,VEG,SJS,Mikael Granlund,5.0,21,23,47.7,7.0,6.0,6.0,50.0,1,1,
202410260VEG,VEG,SJS,Carl GrundstrÃ¶m,1.0,7,9,43.8,0.8,1.0,2.0,33.3,1,0,
202410260VEG,VEG,SJS,Daniil Gushchin,3.0,6,17,26.1,-20.6,2.0,3.0,40.0,0,1,
202410260VEG,VEG,SJS,Luke Kunin,5.0,13,24,35.1,-11.1,6.0,5.0,54.5,4,1,
202410260VEG,VEG,SJS,Jan Rutta,2.0,24,28,46.2,5.2,5.0,5.0,50.0,1,1,
202410260VEG,VEG,SJS,William Smith,4.0,14,11,56.0,16.0,5.0,5.0,50.0,0,0,
202410260VEG,VEG,SJS,Nico Sturm,2.0,6,19,24.0,-23.6,1.0,5.0,16.7,5,1,
202410260VEG,VEG,SJS,Jack Thompson,2.0,13,20,39.4,-4.9,9.0,4.0,69.2,1,1,
202410260VEG,VEG,SJS,Henry Thrun,3.0,12,15,44.4,1.7,7.0,4.0,63.6,0,0,
202410260VEG,VEG,SJS,Tyler Toffoli,4.0,21,17,55.3,17.3,6.0,4.0,60.0,0,0,
202410260VEG,VEG,SJS,Jake Walman,7.0,20,27,42.6,-0.8,3.0,11.0,21.4,2,2,
202410260VEG,VEG,SJS,Alexander Wennberg,0.0,19,20,48.7,8.0,7.0,3.0,70.0,2,3,
202410260VEG,VEG,SJS,Fabian Zetterlund,7.0,21,18,53.8,15.3,6.0,3.0,66.7,3,1,
202410260VEG,VEG,SJS,TOTAL,,56,72,43.8,,,,47.4,35,16,
202410260VEG,VEG,SJS,Ivan Barbashev,5.0,20,15,57.1,0.3,6.0,5.0,54.5,4,0,
202410260VEG,VEG,SJS,Brendan Brisson,4.0,10,9,52.6,-5.1,1.0,1.0,50.0,0,0,
202410260VEG,VEG,SJS,Pavel Dorofeyev,12.0,36,11,76.6,30.8,7.0,3.0,70.0,1,0,
202410260VEG,VEG,SJS,Jack Eichel,7.0,29,14,67.4,15.7,10.0,6.0,62.5,0,0,
202410260VEG,VEG,SJS,Noah Hanifin,2.0,19,21,47.5,-13.6,9.0,5.0,64.3,0,3,
202410260VEG,VEG,SJS,TomÃ¡Å¡ Hertl,6.0,32,10,76.2,28.5,8.0,3.0,72.7,0,1,
202410260VEG,VEG,SJS,Alexander Holtz,1.0,10,20,33.3,-30.7,3.0,5.0,37.5,2,0,
202410260VEG,VEG,SJS,Brett Howden,3.0,21,18,53.8,-4.4,4.0,5.0,44.4,2,0,
202410260VEG,VEG,SJS,William Karlsson,4.0,12,16,42.9,-17.9,5.0,5.0,50.0,0,2,
202410260VEG,VEG,SJS,Keegan Kolesar,0.0,9,8,52.9,-4.6,2.0,1.0,66.7,3,0,
202410260VEG,VEG,SJS,Kaedan Korczak,5.0,23,17,57.5,0.8,4.0,4.0,50.0,2,0,
202410260VEG,VEG,SJS,Brayden McNabb,5.0,20,23,46.5,-15.6,3.0,7.0,30.0,1,2,
202410260VEG,VEG,SJS,Tanner Pearson,3.0,12,17,41.4,-20.0,3.0,5.0,37.5,2,2,
202410260VEG,VEG,SJS,Alex Pietrangelo,1.0,19,23,45.2,-17.3,8.0,6.0,57.1,0,1,
202410260VEG,VEG,SJS,Nicolas Roy,1.0,16,13,55.2,-2.2,4.0,3.0,57.1,0,0,
202410260VEG,VEG,SJS,Mark Stone,3.0,26,12,68.4,16.2,9.0,6.0,60.0,0,0,
202410260VEG,VEG,SJS,Shea Theodore,7.0,34,13,72.3,24.1,8.0,5.0,61.5,0,0,
202410260VEG,VEG,SJS,Zach Whitecloud,5.0,20,15,57.1,0.3,4.0,7.0,36.4,0,2,
202410260VEG,VEG,SJS,TOTAL,,74,53,58.3,,,,54.4,17,13,
202410260SEA,SEA,CAR,Sebastian Aho,7.0,41,12,77.4,7.1,17.0,1.0,94.4,0,0,
202410260SEA,SEA,CAR,Jackson Blake,1.0,26,3,89.7,21.3,6.0,0.0,100.0,0,0,
202410260SEA,SEA,CAR,Brent Burns,8.0,35,13,72.9,-0.5,10.0,8.0,55.6,0,0,
202410260SEA,SEA,CAR,William Carrier,4.0,22,10,68.8,-5.9,4.0,1.0,80.0,2,0,
202410260SEA,SEA,CAR,Jalen Chatfield,5.0,23,6,79.3,7.9,6.0,4.0,60.0,1,0,
202410260SEA,SEA,CAR,Jack Drury,8.0,25,3,89.3,20.6,6.0,0.0,100.0,2,0,
202410260SEA,SEA,CAR,Shayne Gostisbehere,8.0,39,11,78.0,7.9,12.0,1.0,92.3,1,0,
202410260SEA,SEA,CAR,Seth Jarvis,8.0,35,8,81.4,12.4,11.0,5.0,68.8,0,1,
202410260SEA,SEA,CAR,Jesperi Kotkaniemi,3.0,15,6,71.4,-2.2,6.0,2.0,75.0,1,0,
202410260SEA,SEA,CAR,Jordan Martinook,4.0,21,11,65.6,-10.2,4.0,10.0,28.6,0,0,
202410260SEA,SEA,CAR,Martin NeÄas,3.0,28,8,77.8,6.4,11.0,2.0,84.6,3,1,
202410260SEA,SEA,CAR,Dmitry Orlov,4.0,19,8,70.4,-3.6,6.0,4.0,60.0,0,0,
202410260SEA,SEA,CAR,Eric Robinson,0.0,5,8,38.5,-38.7,2.0,2.0,50.0,1,0,
202410260SEA,SEA,CAR,Jack Roslovic,5.0,28,7,80.0,9.3,12.0,1.0,92.3,0,0,
202410260SEA,SEA,CAR,Jaccob Slavin,4.0,25,16,61.0,-18.1,7.0,8.0,46.7,0,1,
202410260SEA,SEA,CAR,Jordan Staal,3.0,20,10,66.7,-8.6,4.0,10.0,28.6,2,1,
202410260SEA,SEA,CAR,Andrei Svechnikov,11.0,40,10,80.0,11.2,17.0,1.0,94.4,0,0,
202410260SEA,SEA,CAR,Sean Walker,7.0,18,10,64.3,-11.5,4.0,1.0,80.0,0,2,
202410260SEA,SEA,CAR,TOTAL,,93,34,73.2,,,,70.2,13,6,
202410260SEA,SEA,CAR,Matty Beniers,3.0,13,28,31.7,7.3,8.0,6.0,57.1,2,2,
202410260SEA,SEA,CAR,Oliver Bjorkstrand,0.0,9,9,50.0,27.1,2.0,4.0,33.3,0,0,
202410260SEA,SEA,CAR,William Borgen,0.0,4,27,12.9,-18.3,1.0,10.0,9.1,3,1,
202410260SEA,SEA,CAR,AndrÃ© Burakovsky,3.0,7,17,29.2,3.0,2.0,4.0,33.3,1,2,
202410260SEA,SEA,CAR,Jordan Eberle,0.0,14,27,34.1,10.8,8.0,5.0,61.5,0,2,
202410260SEA,SEA,CAR,Ryker Evans,2.0,18,29,38.3,18.3,6.0,8.0,42.9,4,3,
202410260SEA,SEA,CAR,Yanni Gourde,0.0,1,21,4.5,-26.9,1.0,6.0,14.3,0,0,
202410260SEA,SEA,CAR,Tye Kartye,2.0,5,19,20.8,-7.4,3.0,6.0,33.3,2,0,
202410260SEA,SEA,CAR,Adam Larsson,2.0,13,38,25.5,-2.1,4.0,17.0,19.0,2,4,
202410260SEA,SEA,CAR,Josh Mahura,1.0,4,10,28.6,2.1,1.0,3.0,25.0,3,0,
202410260SEA,SEA,CAR,Jared McCann,5.0,14,27,34.1,10.8,7.0,9.0,43.8,1,1,
202410260SEA,SEA,CAR,Brandon Montour,1.0,14,37,27.5,1.2,7.0,7.0,50.0,5,1,
202410260SEA,SEA,CAR,Jamie Oleksiak,1.0,3,41,6.8,-30.5,3.0,12.0,20.0,1,2,
202410260SEA,SEA,CAR,Jaden Schwartz,5.0,12,17,41.4,19.0,3.0,3.0,50.0,0,1,
202410260SEA,SEA,CAR,Chandler Stephenson,3.0,16,32,33.3,10.5,4.0,11.0,26.7,0,1,
202410260SEA,SEA,CAR,Brandon Tanev,1.0,3,39,7.1,-29.4,1.0,11.0,8.3,0,2,
202410260SEA,SEA,CAR,Eeli Tolvanen,4.0,9,11,45.0,21.6,2.0,5.0,28.6,1,0,
202410260SEA,SEA,CAR,Shane Wright,1.0,9,10,47.4,24.3,2.0,4.0,33.3,0,1,
202410260SEA,SEA,CAR,TOTAL,,34,93,26.8,,,,32.8,25,23,
